incident_unique_id,eyear,state,incidentnum,incidentname,emonth,eday,edoy,syear,smonth,sday,sdoy,area_km2,costs,fatalities,home.destroyed,home.threat,max.pers,max.aerial,tot.pers,tot.aerial,max.agency.support,cause,geometry
04-ALS-001|2004|1,2004,AL,04-ALS-001,1st quarter,3,15,75,2004,1,1,1,0.00404686,0,0,6,665,0,0,0,0,0,Unk,"c(0, 0)"
04-ALS-002|2004|1,2004,AL,04-ALS-002,Baldwin,3,16,76,2004,3,4,64,0.63940388,0,0,0,0,0,0,0,0,0,Human,"c(0, 0)"
04-ALS-003|2004|1,2004,AL,04-ALS-003,Butler,3,16,76,2004,3,9,69,1.3961667,0,0,0,0,0,0,0,0,0,Human,"c(0, 0)"
04-ALS-004|2004|1,2004,AL,04-ALS-004,Clay,3,16,76,2004,3,12,72,1.26666718,0,0,0,0,0,0,0,0,0,Human,"c(0, 0)"
04-ALS-005|2004|1,2004,AL,04-ALS-005,Cleburne,3,16,76,2004,3,7,67,0.8498406000000001,0,0,0,0,0,0,0,0,0,Human,"c(0, 0)"
04-ALS-006|2004|1,2004,AL,04-ALS-006,Conecuh,3,16,76,2004,3,11,71,1.011715,0,0,0,0,0,0,0,0,0,Human,"c(0, 0)"
04-ALS-007|2004|1,2004,AL,04-ALS-007,Covington,3,16,76,2004,3,9,69,0.58274784,0,0,0,0,0,0,0,0,0,Human,"c(0, 0)"
04-ALS-008|2004|1,2004,AL,04-ALS-008,Lee,3,16,76,2004,3,12,72,0.607029,0,0,0,0,0,0,0,0,0,Human,"c(0, 0)"
04-ALS-009|2004|1,2004,AL,04-ALS-009,Lowndes #1,3,16,76,2004,3,9,69,1.2949952,0,0,0,0,0,0,0,0,0,Human,"c(0, 0)"
04-ALS-010|2004|1,2004,AL,04-ALS-010,Lowndes #2,3,16,76,2004,3,13,73,0.55037296,0,0,0,0,0,0,0,0,0,Human,"c(0, 0)"
04-ALS-011|2004|1,2004,AL,04-ALS-011,Macon,3,16,76,2004,3,13,73,1.1533551,0,0,0,0,0,0,0,0,0,Human,"c(0, 0)"
04-ALS-012|2004|1,2004,AL,04-ALS-012,Monroe,3,16,76,2004,3,9,69,1.05623046,0,0,0,0,0,0,0,0,0,Human,"c(0, 0)"
04-ALS-013|2004|1,2004,AL,04-ALS-013,Tuscaloosa,3,16,76,2004,3,13,73,1.416401,0,0,0,0,0,0,0,0,0,Human,"c(0, 0)"
04-ALS-014|2004|1,2004,AL,04-ALS-014,Wilcox,3,16,76,2004,3,11,71,0.42492030000000003,0,0,0,0,0,0,0,0,0,Human,"c(0, 0)"
1224|2006|1,2006,CA,1224,Multiple June Fires,6,30,181,2006,6,26,177,0.08498406,4e5,0,0,2,247,0,1248,0,4,Lightning,"c(0, 0)"
2002-10|2002|1,2002,AL,2002-10,Oct1YTD,10,1,274,2002,8,1,213,0,0,1,4,52,0,0,0,0,0,Human,"c(0, 0)"
2003-01|2003|1,2003,AL,2003-01,Jan/Feb,3,4,63,2003,1,1,1,0,0,0,10,173,0,0,0,0,0,Lightning,"c(0, 0)"
2003-02|2003|1,2003,AL,2003-02,Mar/Apr,5,6,126,2003,3,1,60,0,0,0,1,167,0,0,0,0,0,Human,"c(0, 0)"
AL-ALS-0001|2002|1,2002,AL,AL-ALS-0001,YTD mid-june,6,25,176,2002,6,25,176,0,0,0,23,829,0,0,0,0,0,Human,"c(0, 0)"
AL-ALS-0002|2002|1,2002,AL,AL-ALS-0002,SUM July,8,1,213,2002,6,15,166,0,0,0,1,13,0,0,0,0,0,Human,"c(0, 0)"
AL-ALS-05YTD919|2005|1,2005,AL,AL-ALS-05YTD919,Year to date,9,19,262,2005,9,19,262,0,0,0,16,725,0,0,0,0,0,Unk,"c(0, 0)"
AL-ALS-061215|2006|1,2006,AL,AL-ALS-061215,End of Year,12,13,347,2006,12,13,347,0.40468600000000005,0,0,18,900,0,0,0,0,0,Human,"c(0, 0)"
AL-ALS-2003-03|2003|1,2003,AL,AL-ALS-2003-03,May/June/July,10,2,275,2003,10,2,275,0,0,0,1,0,0,0,0,0,0,Unk,"c(0, 0)"
AL-BOR-07001|2007|1,2007,AL,AL-BOR-07001,Three Rivers,8,29,241,2007,8,26,238,0.7284348,35e3,0,0,40,19,0,35,0,2,Lightning,"c(-87.913056, 30.2425)"
AR-AR06-06|2002|1,2002,AR,AR-AR06-06,SULPHER SPRINGS,2,27,58,2002,2,15,46,2.02343,9e3,0,0,3,32,0,32,0,2,Human,"c(0, 0)"
AR-ARS-096D6|2012|1,2012,AR,AR-ARS-096D6,Clarksville,6,26,178,2012,6,24,176,0.2832802,432,0,1,5,10,0,20,0,2,Unk,"c(-93.536944, 63.478611)"
AR-ARS-D3 BRADFORD|2005|1,2005,AR,AR-ARS-D3 BRADFORD,Bradford,11,28,332,2005,11,23,327,1.8210870000000001,0,0,0,0,0,0,0,0,0,Human,"c(0, 0)"
AR-ARS-D7208|2005|1,2005,AR,AR-ARS-D7208,Bruce Boyd,11,21,325,2005,11,19,323,0.9550589599999999,0,0,0,1,3,0,3,0,1,Human,"c(-35.843611, 92.388333)"
AR-BUP-000601|2006|1,2006,AR,AR-BUP-000601,AR Park Group Severity,1,19,19,2005,11,10,314,10.72822586,316e3,0,0,0,46,0,213,0,3,Unk,"c(0, 0)"
AR-HOP-03043|2003|1,2003,AR,AR-HOP-03043,WEST MOUNTAIN,4,2,92,2003,4,1,91,0.0809372,0,0,0,0,20,0,20,0,2,Human,"c(0, 0)"
AZ-A1S-090936|2009|1,2009,AZ,AZ-A1S-090936,QUAIL,8,17,229,2009,8,14,226,0.14973382,3e4,0,0,200,74,0,98,0,4,Human,"c(-32.965361, 11.463889)"
AZ-ASF-081|2003|1,2003,AZ,AZ-ASF-081,VALLEY FIRE,7,24,205,2003,7,18,199,1.6187440000000002,5e3,0,0,0,0,0,0,0,0,Lightning,"c(0, 0)"
AZ-AZS-02-0217|2002|1,2002,AZ,AZ-AZS-02-0217,Cheney,3,29,88,2002,3,28,87,2.428116,3500,0,0,0,0,0,0,0,0,Lightning,"c(0, 0)"
AZ-CNF-000263|2012|1,2012,AZ,AZ-CNF-000263,SCHOOL CANYON,5,10,131,2012,5,8,129,31.4441022,442600,0,0,3,122,0,322,0,3,Human,"c(-110.416389, 31.333056)"
AZ-CNF-198|2002|1,2002,AZ,AZ-CNF-198,WALKER,6,26,177,2002,6,12,163,66.24305134000001,12e5,0,0,60,498,0,1809,0,8,Human,"c(-111.105, 31.340556)"
AZ-CNF-223|2002|1,2002,AZ,AZ-CNF-223,Community,6,26,177,2002,6,23,174,3.4600653,75e3,0,0,40,96,0,192,0,3,Human,"c(-111.186667, 31.355278)"
AZ-GCP-000002|2004|1,2004,AZ,AZ-GCP-000002,LONG JIM,5,12,133,2004,5,4,125,0.9510120999999999,0,0,0,0,81,0,196,0,6,Human,"c(0, 0)"
AZ-KNF-042|2003|1,2003,AZ,AZ-KNF-042,South Rock,6,31,159,2003,5,24,144,0.060702900000000004,0,0,0,0,5,0,5,0,2,Lightning,"c(0, 0)"
AZ-TCA-019BV42|2005|1,2005,AZ,AZ-TCA-019BV42,PLAIN TANK,7,25,182,2005,6,24,175,1.6106502799999998,0,0,0,0,0,0,0,0,0,Lightning,"c(0, 0)"
B06/03/002|2003|1,2003,OK,B06/03/002,Mclaine,1,5,5,2003,1,3,3,0.40873286000000003,940,0,0,0,10,0,23,0,2,Human,"c(0, 0)"
BTU 13309|2002|1,2002,CA,BTU 13309,RIDGE,11,7,311,2002,11,6,310,0.0404686,0,0,1,10,109,0,109,0,4,Unk,"c(0, 0)"
CA-BDC-14267|2002|1,2002,CA,CA-BDC-14267,HELENDALE,5,11,131,2002,5,9,129,0.1618744,0,0,0,0,101,0,101,0,4,Unk,"c(0, 0)"
CA-BDC-18657|2005|1,2005,CA,CA-BDC-18657,DULCE,6,8,159,2005,6,6,157,2.5292875,0,0,0,60,169,0,288,0,7,Human,"c(0, 0)"
CA-BDC-21652|2001|1,2001,CA,CA-BDC-21652,Cypress,7,18,199,2001,7,18,199,0.20234300000000002,0,0,0,0,100,0,100,0,3,Unk,"c(0, 0)"
CA-BDC-3906|2003|1,2003,CA,CA-BDC-3906,Jordan,2,7,38,2003,2,4,35,0.0202343,0,0,0,0,34,9,49,18,3,Unk,"c(0, 0)"
CA-BDC-48105|2006|1,2006,CA,CA-BDC-48105,Citrus,12,30,364,2006,12,4,338,2.1246015,0,0,0,500,160,0,320,0,4,Unk,"c(0, 0)"
CA-BDU-006942|2006|1,2006,CA,CA-BDU-006942,MESA,7,5,186,2006,7,4,185,0.20234300000000002,0,0,0,0,0,3,0,4,0,Unk,"c(0, 0)"
CA-BDU-007707|2006|1,2006,CA,CA-BDU-007707,COVINGTON,7,22,203,2006,7,20,201,0.607029,0,0,0,550,0,2,0,2,0,Lightning,"c(0, 0)"
CA-BDU-010450|2005|1,2005,CA,CA-BDU-010450,HATCHERY,9,30,273,2005,9,28,271,1.011715,117e3,0,0,0,214,0,284,0,3,Unk,"c(0, 0)"
CA-BDU-4544|2003|1,2003,CA,CA-BDU-4544,COTTONWOOD,5,20,140,2003,5,18,138,0.00404686,0,0,0,0,0,0,0,0,0,Unk,"c(0, 0)"
CA-BTU-007587|2008|1,2008,CA,CA-BTU-007587,BTU Lightning Support,6,23,175,2008,6,21,173,4.856232,0,0,0,200,168,2,352,4,4,Lightning,"c(0, 0)"
CA-BTU-008116|2012|1,2012,CA,CA-BTU-008116,LASSEN,8,15,228,2012,8,13,226,4.04686,4e4,0,0,0,258,0,516,0,5,Unk,"c(-131.654722, 40.199167)"
CA-BTU-012814|2003|1,2003,CA,CA-BTU-012814,Ord,11,30,306,2003,10,30,303,0.8093720000000001,8e3,0,0,0,4,0,8,0,1,Human,"c(0, 0)"
CA-CDD-7416|2005|1,2005,CA,CA-CDD-7416,CHINA LAKE,7,22,203,2005,7,19,200,21.448358,0,0,0,0,21,1,38,2,2,Human,"c(-117.317222, 25.816667)"
CA-CDD-7680|2011|1,2011,CA,CA-CDD-7680,SPANISH TRAIL,5,9,129,2011,5,9,129,1.214058,0,0,0,0,40,0,40,0,1,Human,"c(-155.966389, 35.971944)"
ca-cdf-009|2001|1,2001,CA,ca-cdf-009,,7,18,199,2001,7,18,199,0,0,0,0,0,0,0,0,0,0,Lightning,"c(0, 0)"
CA-CZU-004714|2001|1,2001,CA,CA-CZU-004714,Mar-Monte,8,3,215,2001,8,2,214,0.0202343,0,0,0,0,83,0,166,0,3,Human,"c(0, 0)"
CA-CZU-004850|2001|1,2001,CA,CA-CZU-004850,Zayante,8,9,221,2001,8,7,219,0.00809372,2e4,0,0,1,90,0,180,0,2,Unk,"c(0, 0)"
CA-CZU-6367|2001|1,2001,CA,CA-CZU-6367,Love Creek,10,16,289,2001,10,12,285,0.01618744,0,0,0,0,4,0,4,0,1,Unk,"c(0, 0)"
CA-CZU-6430|2001|1,2001,CA,CA-CZU-6430,Portola,10,19,292,2001,10,14,287,0.21853044000000002,2e4,0,0,0,150,0,276,0,1,Unk,"c(0, 0)"
CA-CZU-7213|2006|1,2006,CA,CA-CZU-7213,Huddart,9,28,271,2006,9,25,268,0.01618744,5e4,0,0,0,67,0,134,0,2,Unk,"c(0, 0)"
CA-FKU-0010383|2002|1,2002,CA,CA-FKU-0010383,HIGHWAY,8,13,225,2002,8,12,224,0.060702900000000004,5e4,0,0,12,78,0,78,0,3,Human,"c(0, 0)"
CA-HUU-0001596|2002|1,2002,CA,CA-HUU-0001596,KELLOGG,4,29,119,2002,4,28,118,1.214058,0,0,0,0,0,0,0,0,0,Human,"c(0, 0)"
CA-HUU-0003190|2011|1,2011,CA,CA-HUU-0003190,Spanish,7,3,184,2011,6,1,152,2.01533628,75e3,0,0,0,80,0,121,0,1,Human,"c(-124.699722, 40.210556)"
CA-HUU-2685|2004|1,2004,CA,CA-HUU-2685,Deadman,6,17,169,2004,6,15,167,0.12140580000000001,0,0,0,5,182,0,372,0,2,Human,"c(-124.058333, 40.016667)"
CA-KRN-35857|2003|1,2003,CA,CA-KRN-35857,Pump,7,8,189,2003,7,7,188,3.02300442,0,0,0,0,7,0,7,0,1,Unk,"c(0, 0)"
CA-LAC-03003839|2003|1,2003,CA,CA-LAC-03003839,LATIGO/CORRAL,1,6,6,2003,1,5,5,0.10117150000000001,0,0,0,2,293,0,296,0,3,Unk,"c(-118.734722, 34.019167)"
CA-LAC-0300429|2003|1,2003,CA,CA-LAC-0300429,Pacific,1,10,10,2003,1,6,6,8.903092000000001,26e5,0,0,400,1477,0,3431,0,5,Unk,"c(-118.835833, 3.035)"
CA-LAC-10146126|2010|1,2010,CA,CA-LAC-10146126,ECHO LAKE,7,3,184,2010,7,1,182,0.08903092,425e3,0,0,0,127,0,341,0,1,Unk,"c(-118.416667, 32.405)"
CA-LAC-102481|2007|1,2007,CA,CA-LAC-102481,ISLAND,5,15,135,2007,5,10,130,19.222585,51e5,0,1,700,771,2,5171,3,6,Unk,"c(-118.426111, 33.478889)"
CA-LAC-170524|2001|1,2001,CA,CA-LAC-170524,SLOAN,8,28,240,2e3,8,27,240,8.008735940000001,782e3,0,1,100,372,0,445,0,4,Unk,"c(0, 0)"
CA-LMU-001954|2004|1,2004,CA,CA-LMU-001954,LMU LIGHTNING PLAN,7,30,186,2004,6,27,179,0.18615555999999997,0,0,0,0,209,2,2088,17,3,Lightning,"c(0, 0)"
CA-LMU-002046|2002|1,2002,CA,CA-LMU-002046,JACKS,7,13,194,2002,7,11,192,0.0404686,19e4,0,0,0,132,0,265,0,3,Lightning,"c(0, 0)"
CA-LMU-002111|2003|1,2003,CA,CA-LMU-002111,LMU LIGHTNING PLAN,7,28,209,2003,7,20,201,0,0,0,0,0,554,1,1813,4,3,Lightning,"c(0, 0)"
CA-LMU-002213|2002|1,2002,CA,CA-LMU-002213,LIGHTNING SERIES,7,20,201,2002,7,18,199,0.0809372,25e4,0,0,0,121,1,408,2,2,Lightning,"c(0, 0)"
CA-LMU-2417|2003|1,2003,CA,CA-LMU-2417,LIGHTNING PLAN,8,31,214,2003,7,30,211,0,0,0,0,0,518,1,815,2,4,Lightning,"c(0, 0)"
CA-LMU-3707|2006|1,2006,CA,CA-LMU-3707,HONEY,8,29,241,2006,8,24,236,0.8336531599999999,1e6,0,2,50,211,3,285,3,5,Human,"c(0, 0)"
CA-LNU-004149|2005|1,2005,CA,CA-LNU-004149,Markley,7,7,188,2005,7,6,187,0.40468600000000005,0,0,0,0,325,0,409,0,3,Unk,"c(0, 0)"
CA-LNU-4575|2002|1,2002,CA,CA-LNU-4575,GEYSERS,6,29,180,2002,6,28,179,0.0202343,64302,0,0,0,11,0,18,0,1,Unk,"c(0, 0)"
CA-LPF-001923|2007|1,2007,CA,CA-LPF-001923,TORRI,11,11,315,2007,11,8,312,0.10117150000000001,0,0,0,0,0,1,0,1,4,Unk,"c(-121.709722, 34.194722)"
CA-LPF-002885|2013|1,2013,,CA-LPF-002885,CARP,9,29,272,2013,9,7,250,0.03237488,112308,0,0,0,130,1,130,1,1,Unk,"c(-119.500278, 34.366667)"
CA-LPF-1140|2006|1,2006,CA,CA-LPF-1140,Milpitas,7,30,183,2006,6,29,180,1.214058,0,0,0,0,0,0,0,0,0,Unk,"c(-124.308333, 36.065833)"
CA-LPF-1475|2006|1,2006,CA,CA-LPF-1475,Mt Pinos Lightning Complex,8,31,228,2006,7,24,205,12.92567084,43e5,0,0,8400,585,0,7227,0,11,Lightning,"c(0, 0)"
CA-MCP-05-1345|2005|1,2005,CA,CA-MCP-05-1345,BRAVO,6,21,172,2005,6,8,159,0.8093720000000001,1142,0,0,0,74,0,127,0,2,Unk,"c(-117.55, 32.433333)"
CA-MEU-05277|2001|1,2001,CA,CA-MEU-05277,FITCH,7,21,202,2001,7,20,201,0.028328020000000002,0,0,3,10,121,0,121,0,2,Unk,"c(0, 0)"
CA-MEU-6258|2001|1,2001,CA,CA-MEU-6258,Medicine,8,20,232,2001,8,19,231,0.27923334,0,0,2,0,0,0,0,0,0,Unk,"c(0, 0)"
CA-MMU-008057|2003|1,2003,CA,CA-MMU-008057,AVE 7,5,20,140,2003,5,19,139,0.5058575,0,0,0,0,70,0,70,0,2,Unk,"c(0, 0)"
CA-MMU-011097|2002|1,2002,CA,CA-MMU-011097,COTTONWOOD,7,5,186,2002,7,4,185,4.04686,0,0,0,0,12,0,12,0,2,Unk,"c(-121.108056, 3.086111)"
CA-MMU-011533|2002|1,2002,CA,CA-MMU-011533,WHITE ROCK,7,10,191,2002,7,9,190,1.214058,0,0,0,0,22,0,22,0,1,Human,"c(-123.000556, 37.391111)"
CA-MMU-9021|2003|1,2003,CA,CA-MMU-9021,MC NAMERA,6,2,153,2003,6,2,153,2.630459,15e3,0,1,0,23,0,23,0,2,Unk,"c(-13, 13.133333)"
CA-MRN-1810|2005|1,2005,CA,CA-MRN-1810,CEMETERY,8,23,235,2005,8,21,233,0.060702900000000004,25e3,0,0,0,103,1,127,1,3,Unk,"c(-122.926389, 37.995556)"
CA-MRU-1654|2005|1,2005,CA,CA-MRU-1654,Island,8,6,218,2005,8,5,217,0.0809372,25e3,0,0,0,0,0,0,0,0,Human,"c(-122.4175, 37.851389)"
CA-MSM-000001|2005|1,2005,CA,CA-MSM-000001,SHOTHOLE,8,17,229,2005,8,17,229,1.416401,0,0,0,0,81,0,81,0,2,Unk,"c(0, 0)"
CA-MVU-00000|2003|1,2003,CA,CA-MVU-00000,,9,19,262,2003,9,19,262,0,0,0,0,0,0,0,0,0,0,Unk,"c(0, 0)"
CA-MVU-001494|2002|1,2002,CA,CA-MVU-001494,BARRETT,3,28,63,2002,2,26,57,1.0724179,0,0,0,0,294,2,1113,4,5,Unk,"c(-116.685833, 32.116944)"
CA-MVU-002516|2005|1,2005,CA,CA-MVU-002516,HARRISON,4,13,103,2005,4,12,102,0.01618744,0,0,0,0,136,0,136,0,3,Human,"c(0, 0)"
CA-MVU-005216|2011|1,2011,CA,CA-MVU-005216,SPRINGS,5,14,134,2011,5,13,133,0.031565508,25e3,0,0,0,75,0,150,0,1,Unk,"c(-116.851667, 32.544444)"
CA-MVU-005758|2005|1,2005,CA,CA-MVU-005758,PROCTOR,7,23,204,2005,7,23,204,0.43301401999999994,0,0,0,0,161,0,161,0,2,Unk,"c(-117.51, 33.170833)"
CA-MVU-008488|2005|1,2005,CA,CA-MVU-008488,BORDER #50,10,10,283,2005,10,5,278,16.592126,2909998,0,0,1e3,1201,3,7484,14,7,Unk,"c(-116.618611, 32.568611)"
CA-MVU-012007|2007|1,2007,CA,CA-MVU-012007,HAVERFORD,11,24,328,2007,11,24,328,0.12140580000000001,0,0,0,100,269,2,288,2,4,Unk,"c(-117.461389, 33.115833)"
CA-MVU-01316|2002|1,2002,CA,CA-MVU-01316,SUTHERLAND,2,25,56,2002,2,21,52,0.00809372,0,0,0,0,108,0,108,0,3,Unk,"c(0, 0)"
CA-MVU-4134|2003|1,2003,CA,CA-MVU-4134,SYCAMORE,6,20,171,2003,6,17,168,2.1043672,374e3,0,0,0,375,2,961,5,4,Human,"c(0, 0)"
CA-MVU-5394|2006|1,2006,CA,CA-MVU-5394,Baja California-Mexico,6,24,175,2006,6,24,175,16.18744,0,0,0,0,408,0,2794,0,2,Unk,"c(-115.316667, 30.866667)"
CA-MVU-5830|2004|1,2004,CA,CA-MVU-5830,Ribbonwood,7,19,201,2004,7,18,200,0.37231111999999994,2e5,0,0,0,202,0,267,0,4,Human,"c(-119.383611, 32.701667)"
CA-MVU-5902|2003|1,2003,CA,CA-MVU-5902,OTAY,8,14,226,2003,8,13,225,0.43301401999999994,0,0,0,0,138,1,264,1,4,Unk,"c(0, 0)"
CA-MVU-6422|2004|1,2004,CA,CA-MVU-6422,CAMINO,8,16,229,2004,8,6,219,0.48562320000000003,0,0,0,25,470,2,1267,6,3,Human,"c(-0.8025, 33.344444)"
CA-MVU-6607|2001|1,2001,CA,CA-MVU-6607,LA CRESTA,9,17,260,2001,9,16,259,0.24281160000000002,0,0,0,75,66,1,66,1,4,Unk,"c(-116.883333, 32.151111)"
CA-MVU-7603|2004|1,2004,CA,CA-MVU-7603,Border,9,14,258,2004,9,13,257,4.04686,2e6,0,1,0,523,3,1293,6,4,Unk,"c(-116.518333, 32.583889)"
CA-MVU-7711|2010|1,2010,CA,CA-MVU-7711,BORDER 6,9,20,263,2010,7,14,195,0.012140580000000002,6e4,0,0,0,80,1,80,1,4,Human,"c(-116.251389, 32.584722)"
CA-NEU 19733|2001|1,2001,CA,CA-NEU 19733,Farad,11,13,317,2001,11,10,314,0.607029,4e4,0,0,0,100,0,100,0,2,Unk,"c(0, 0)"
CA-ORC-44311|2001|1,2001,CA,CA-ORC-44311,San Clemente Fire,8,3,215,2001,8,1,213,0.00809372,25e5,0,5,0,277,0,307,0,3,Unk,"c(-117.608333, 33.345833)"
CA-PNF-000329|2006|1,2006,CA,CA-PNF-000329,Plumas Lightning,7,30,183,2006,6,25,176,0.61512272,65e4,0,0,25,90,0,415,0,1,Lightning,"c(0, 0)"
CA-RRU-020299|2002|1,2002,CA,CA-RRU-020299,CAJALCO,3,19,78,2002,3,17,76,2.3269444999999997,0,0,0,0,75,0,150,0,4,Unk,"c(0, 0)"
CA-RRU-051300|2003|1,2003,CA,CA-RRU-051300,Mine,7,6,187,2003,7,5,186,0.46134203999999995,0,0,0,4,130,2,130,2,2,Unk,"c(0, 0)"
CA-RRU-067256|2001|1,2001,CA,CA-RRU-067256,Greenriver,9,30,273,2001,9,27,270,0.3035145,0,0,0,30,345,2,345,2,3,Unk,"c(0, 0)"
CA-RRU-33134|2005|1,2005,CA,CA-RRU-33134,Knoll,4,20,110,2005,4,19,109,0.1618744,0,0,0,15,200,0,306,0,2,Unk,"c(0, 0)"
CA-RRU-35190|2004|1,2004,CA,CA-RRU-35190,EAGLE,5,10,131,2004,5,2,123,36.199162699999995,5444725,0,14,150,1814,3,13415,15,10,Unk,"c(-147.067778, 33.466667)"
CA-RRU-47513|2005|1,2005,CA,CA-RRU-47513,WHITEWATER,6,7,158,2005,6,7,158,0.04451546,0,0,0,0,23,0,23,0,3,Unk,"c(0, 0)"
CA-RRU-55729|2002|1,2002,CA,CA-RRU-55729,HIGHWAY,7,30,211,2002,7,29,210,0.0404686,0,0,0,15,83,0,83,0,2,Unk,"c(0, 0)"
CA-RRU-55745|2002|1,2002,CA,CA-RRU-55745,MONROE,7,31,212,2002,7,29,210,0.00404686,0,0,0,0,9,0,9,0,1,Unk,"c(0, 0)"
CA-RRU-55755|2002|1,2002,CA,CA-RRU-55755,POLK,7,31,212,2002,7,29,210,0.00404686,0,0,0,0,20,0,20,0,2,Unk,"c(0, 0)"
CA-RRU-57787|2001|1,2001,CA,CA-RRU-57787,SHADY,8,20,232,2001,8,20,232,0.1416401,0,0,0,15,49,0,49,0,2,Unk,"c(0, 0)"
CA-RRU-75444|2003|1,2003,CA,CA-RRU-75444,HOLLAND,9,30,273,2003,9,30,273,0.42896716,0,0,0,0,0,0,0,0,0,Unk,"c(0, 0)"
CA-SBC-5761|2003|1,2003,CA,CA-SBC-5761,CEBADA,8,23,235,2003,8,23,235,0.04451546,0,0,0,0,105,1,213,2,5,Unk,"c(0, 0)"
CA-SCU-0003241|2002|1,2002,CA,CA-SCU-0003241,Casa Loma,8,10,222,2002,8,8,220,0.11331208000000001,19e4,0,1,16,185,0,185,0,3,Unk,"c(0, 0)"
CA-SCU-001791|2003|1,2003,CA,CA-SCU-001791,BIRD,6,3,154,2003,6,1,152,27.53483544,48e3,0,0,0,54,0,57,0,1,Unk,"c(0, 0)"
CA-SCU-002057|2003|1,2003,CA,CA-SCU-002057,UVAS,6,21,172,2003,6,17,168,0.01618744,0,0,0,0,120,1,210,1,1,Unk,"c(-122.703333, 37.076667)"
CA-SCU-003035|2003|1,2003,CA,CA-SCU-003035,Mines Complex,8,30,213,2003,7,30,211,0.8093720000000001,0,0,0,15,219,0,219,0,3,Lightning,"c(0, 0)"
CA-SCU-003485|2004|1,2004,CA,CA-SCU-003485,FREEWAY,6,28,180,2004,6,25,177,1.11693336,0,0,3,0,114,2,262,6,2,Unk,"c(0, 0)"
CA-SCU-003508|2002|1,2002,CA,CA-SCU-003508,Chabot,8,21,233,2002,8,20,232,0.1416401,0,0,0,0,180,0,235,0,3,Unk,"c(0, 0)"
CA-SCU-03376|2001|1,2001,CA,CA-SCU-03376,Del Valle,8,11,223,2001,8,8,220,0.46538890000000005,721349,0,0,0,460,0,536,0,2,Unk,"c(0, 0)"
CA-SCU-2264|2003|1,2003,CA,CA-SCU-2264,MORGAN,7,27,182,2003,6,27,178,0.7082005,0,0,0,25,199,0,289,0,2,Unk,"c(0, 0)"
CA-SCU-3081|2004|1,2004,CA,CA-SCU-3081,Nortonville,6,16,168,2004,6,4,156,0.7284348,0,0,0,0,95,0,190,0,2,Unk,"c(0, 0)"
CA-SCU-3482|2001|1,2001,CA,CA-SCU-3482,LLagas,8,15,227,2001,8,13,225,0.01618744,0,0,0,0,63,0,189,0,3,Unk,"c(0, 0)"
CA-SCU-4423|2001|1,2001,CA,CA-SCU-4423,Hicks,10,3,276,2001,10,1,274,0.12949952,0,0,0,0,8,0,8,0,3,Unk,"c(0, 0)"
CA-SCU-4429|2001|1,2001,CA,CA-SCU-4429,San Ignacio,10,3,276,2001,10,1,274,0.24281160000000002,0,0,0,0,67,0,67,0,2,Unk,"c(0, 0)"
CA-SJS-03270155|2003|1,2003,CA,CA-SJS-03270155,Sycamore,10,9,282,2003,10,6,279,0.34398310000000004,0,0,0,0,318,1,367,1,3,Human,"c(0, 0)"
CA-SJS03270155|2003|1,2003,CA,CA-SJS03270155,Sycamore,10,6,279,2003,10,6,279,0.34398310000000004,0,0,0,0,318,1,318,1,3,Human,"c(0, 0)"
CA-SKU-002088|2005|1,2005,CA,CA-SKU-002088,SKU Lightning Series,5,29,149,2005,5,28,148,0.0404686,31900,0,0,0,92,0,168,0,2,Lightning,"c(0, 0)"
CA-SKU-002538|2004|1,2004,CA,CA-SKU-002538,LIGHTNING,7,30,187,2004,6,28,180,0.8498406000000001,458e3,0,0,0,192,0,788,0,1,Lightning,"c(0, 0)"
CA-SKU-002865|2006|1,2006,CA,CA-SKU-002865,June SKU Lightning,7,30,184,2006,6,26,177,0.19424928000000002,362847,0,0,0,152,0,1067,0,3,Lightning,"c(0, 0)"
CA-SKU-003072|2003|1,2003,CA,CA-SKU-003072,Lightning Cover,7,28,209,2003,7,23,204,0.11331208000000001,672115,0,0,0,148,1,1049,4,2,Lightning,"c(0, 0)"
CA-SKU-003390|2005|1,2005,CA,CA-SKU-003390,SKU Lightning Cover,8,31,215,2005,7,29,210,0.1618744,539e3,0,0,0,312,0,1038,0,2,Lightning,"c(0, 0)"
CA-SKU-003421|2006|1,2006,CA,CA-SKU-003421,July Lightning,7,29,210,2006,7,23,204,0.028328020000000002,361e3,0,0,0,122,0,217,0,1,Lightning,"c(0, 0)"
CA-SKU-003583|2006|1,2006,CA,CA-SKU-003583,HOY,8,29,213,2006,8,29,213,5.19212138,632e3,0,0,0,173,0,582,0,4,Unk,"c(0, 0)"
CA-SKU-003799|2006|1,2006,CA,CA-SKU-003799,SKU August #1 Lightning,8,11,223,2006,8,6,218,0.12140580000000001,608e3,0,0,0,198,0,290,0,3,Lightning,"c(0, 0)"
CA-SKU-003866|2003|1,2003,CA,CA-SKU-003866,SKU LIGHTNING,9,31,245,2003,8,28,240,0.03237488,73417,0,0,0,38,1,134,2,2,Lightning,"c(0, 0)"
CA-SKU-003885|2003|1,2003,CA,CA-SKU-003885,SOAP,9,30,252,2003,8,29,241,0.00404686,44316,0,0,0,54,3,99,8,3,Lightning,"c(0, 0)"
CA-SKU-003890|2003|1,2003,CA,CA-SKU-003890,TOPSY,9,31,244,2003,8,29,241,0.024281160000000003,112523,0,0,0,58,3,174,5,3,Lightning,"c(0, 0)"
CA-SKU-003991|2003|1,2003,CA,CA-SKU-003991,SKU LIGHTNING,9,7,250,2003,9,4,247,0.01618744,36580,0,0,0,16,0,35,0,1,Lightning,"c(0, 0)"
CA-SLU-006983|2005|1,2005,CA,CA-SLU-006983,Geneseo,8,22,234,2005,8,18,230,0.57060726,0,0,0,1,110,0,295,0,3,Unk,"c(-129.543056, 35.604167)"
CA-SLU-3367|2001|1,2001,CA,CA-SLU-3367,Deer,7,27,208,2001,7,27,208,0.12140580000000001,0,0,0,0,144,0,144,0,3,Unk,"c(0, 0)"
CA-SMG-40807|2004|1,2004,CA,CA-SMG-40807,FURY,9,4,248,2004,9,4,248,0.3035145,0,0,0,200,240,1,244,1,3,Unk,"c(0, 0)"
CA-SND-2011003|2002|1,2002,CA,CA-SND-2011003,Sorrento Valley Fire,2,10,41,2002,2,9,40,0.42896716,0,0,0,0,0,0,0,0,3,Unk,"c(0, 0)"
CA-SND-FS06060435|2006|1,2006,CA,CA-SND-FS06060435,PARK VILLAGE,8,10,222,2006,7,6,187,0.08903092,0,0,0,0,0,0,0,0,0,Unk,"c(0, 0)"
CA-SQF-1423|2002|1,2002,CA,CA-SQF-1423,POWERHOUSE,7,7,188,2002,7,4,185,0.24281160000000002,0,0,0,0,285,0,741,0,5,Unk,"c(0, 0)"
CA-TCU-005378|2001|1,2001,CA,CA-TCU-005378,SWISS,8,27,220,2001,7,27,208,0,0,0,0,0,0,0,0,0,0,Unk,"c(0, 38.1)"
CA-TCU-6616|2003|1,2003,CA,CA-TCU-6616,SEE TCU-6612,8,31,243,2003,8,31,243,0.40468600000000005,0,0,0,0,199,2,199,2,3,Unk,"c(0, 0)"
CA-TGU-004575|2003|1,2003,CA,CA-TGU-004575,CLARK,7,30,211,2003,7,28,209,0.42087344000000004,16e4,0,0,0,222,2,272,2,3,Lightning,"c(0, 0)"
CA-TGU-04446|2003|1,2003,CA,CA-TGU-04446,TGU LIGHTNING,7,24,205,2003,7,24,205,0.3237488,0,0,0,0,76,1,152,2,2,Lightning,"c(0, 0)"
CA-TUU-0005598|2002|1,2002,CA,CA-TUU-0005598,OAT,6,5,156,2002,6,5,156,0.012140580000000002,0,0,0,0,51,0,51,0,2,Unk,"c(0, 0)"
CA-TUU-006924|2004|1,2004,CA,CA-TUU-006924,Globe,6,20,172,2004,6,19,171,0.607029,0,0,0,0,63,1,126,2,2,Unk,"c(0, 0)"
CA-VNC-0204822|2002|1,2002,CA,CA-VNC-0204822,"PACIFIC, INC.",7,4,185,2002,7,4,185,0.0809372,0,0,0,1,236,0,236,0,3,Unk,"c(0, 0)"
CO-ARF-047|2002|1,2002,CO,CO-ARF-047,Hewlett Gulch,4,26,116,2002,4,18,108,2.02343,5e4,0,0,0,0,0,0,0,0,Human,"c(0, 0)"
CO-RGF-0385|2002|1,2002,CO,CO-RGF-0385,Rio Grande Complex,6,8,159,2002,6,4,155,0.7891377,65e4,0,0,4,259,0,506,0,8,Lightning,"c(0, 0)"
FL-EAQ-2007-7037|2007|1,2007,FL,FL-EAQ-2007-7037,140,4,21,111,2007,4,20,110,7.2843480000000005,0,0,0,0,13,0,13,0,1,Human,"c(-30.616667, 86.283333)"
FL-FLS-2005-18-0048|2005|1,2005,FL,FL-FLS-2005-18-0048,Sunshine Key Fire,2,17,48,2005,2,16,47,4.04686e-4,0,0,0,0,3,0,3,0,2,Human,"c(-81.271389, 24.6625)"
FL-FLS-2006-15-0497|2006|1,2006,FL,FL-FLS-2006-15-0497,RILEY CHASE ROAD,6,26,177,2006,6,22,173,0.51395122,800,0,0,0,5,0,10,0,1,Lightning,"c(0, 0)"
FL-FLS-2007-02-0927|2007|1,2007,FL,FL-FLS-2007-02-0927,WOODLEE ROAD,8,28,240,2007,8,27,239,0.00404686,0,0,1,2,0,0,0,0,0,Human,"c(-99, 0)"
FL-FLS-2007-17-0359|2007|1,2007,FL,FL-FLS-2007-17-0359,Bonita South,6,29,180,2007,6,26,177,1.2949952,0,0,0,0,5,0,10,0,1,Lightning,"c(-26.303889, 26.304444)"
FL-FLS-2008-05-0051|2008|1,2008,FL,FL-FLS-2008-05-0051,LOST DOG FIRE,2,16,47,2008,2,10,41,1.011715,0,0,0,0,18,0,63,0,1,Human,"c(0, 0)"
FL-FLS-2011-14-0189|2011|1,2011,FL,FL-FLS-2011-14-0189,FRANKIES COMMAND,3,14,73,2011,3,13,72,0.0809372,1e3,0,0,0,12,0,12,0,3,Human,"c(-81.318056, 17.771667)"
FL-FLS-D18-155|2002|1,2002,FL,FL-FLS-D18-155,REC AREA COMMAND,5,20,140,2002,5,11,131,16.18744,0,0,0,0,2,0,6,0,1,Human,"c(-26.15, 80.733333)"
FL-FLS-D18-96|2002|1,2002,FL,FL-FLS-D18-96,Crocodile Fire,4,18,108,2002,4,18,108,0.8093720000000001,0,0,0,0,7,0,7,0,1,Unk,"c(0, 0)"
FL-FLS-MISC1|2002|1,2002,FL,FL-FLS-MISC1,ABC MISC,6,18,169,2002,1,1,1,0,0,0,12,1186,0,0,0,0,0,Unk,"c(0, 0)"
FL-FNF-009026|2009|1,2009,FL,FL-FNF-009026,BRICKYARD,3,26,85,2009,3,24,83,4.856232,15e3,0,0,1,0,0,0,0,0,Human,"c(-29.966944, 84.996944)"
FL-FNF-009028|2009|1,2009,FL,FL-FNF-009028,BRICKYARD,4,31,91,2009,3,24,83,5.46730786,27e4,0,0,5,0,0,0,0,0,Human,"c(-29.966944, 84.996944)"
G0402010|2002|1,2002,OK,G0402010,Whipperwill,4,17,107,2002,4,16,106,1.214058,2e3,0,0,1,14,0,14,0,1,Human,"c(0, 0)"
GA-CHF-01116|2001|1,2001,GA,GA-CHF-01116,Chatahoochee Fire Support,11,22,326,2001,11,16,320,5.01001268,1193e3,0,0,0,192,0,933,0,7,Human,"c(0, 0)"
GA-GAS-100003|2010|1,2010,GA,GA-GAS-100003,Atwater-Peacock,4,28,118,2010,4,13,103,0.9510120999999999,1500,0,0,1,5,0,6,0,1,Human,"c(-71.794444, 34.083333)"
GA-GAS-AUGFIRE|2002|1,2002,GA,GA-GAS-AUGFIRE,AugFires,8,31,243,2002,8,1,213,0,0,0,0,0,0,0,0,0,0,Human,"c(0, 0)"
GA-GAS-MISC1|2002|1,2002,GA,GA-GAS-MISC1,Apr-Jun,8,14,226,2002,4,1,91,0,0,0,18,174,0,0,0,0,0,Human,"c(0, 0)"
ID-BOF-P41519|2002|1,2002,ID,ID-BOF-P41519,ANDERSON/DANSKIN,5,29,149,2002,5,19,139,2.1853044,255e3,0,0,0,139,0,634,0,4,Human,"c(0, 0)"
ID-CWF-000062|2003|1,2003,ID,ID-CWF-000062,Cayuse Lake Complex,11,31,317,2003,8,7,219,123.784948994,365100,0,0,0,34,0,478,0,2,Lightning,"c(-145.196111, 46.603889)"
ID-CWF-0058|2007|1,2007,ID,ID-CWF-0058,Syrup,10,16,289,2007,8,10,222,0.20234300000000002,600,0,0,0,0,0,0,0,0,Lightning,"c(-144.746389, 46.258889)"
ID-CWF-200607|2006|1,2006,ID,ID-CWF-200607,Powell WFU Complex,11,9,310,2006,8,9,221,10.10905628,126e3,0,0,0,6,0,18,0,1,Lightning,"c(0, 0)"
ID-NPF-000021|2005|1,2005,ID,ID-NPF-000021,Wounded Doe WFU,10,13,276,2005,7,31,212,2.26219474,1500,0,0,0,1,0,3,0,1,Lightning,"c(-115.027778, 16.272778)"
ID-NPF-000347|2013|1,2013,,ID-NPF-000347,California Point,9,31,269,2013,7,18,199,29.517796840000003,17500,0,0,0,0,0,0,0,1,Lightning,"c(-144.991944, 46.330556)"
ID-PAF-006126|2006|1,2006,ID,ID-PAF-006126,Bear Lake Fire,10,25,298,2006,8,22,234,1.1128865000000001,45e3,0,0,0,1,0,2,0,1,Lightning,"c(-45.166389, 15.700278)"
ID-SCF-4199|2004|1,2004,ID,ID-SCF-4199,Scratch,7,12,194,2004,7,1,183,0,0,0,0,0,0,0,0,0,0,Lightning,"c(0, 0)"
ID-SCF-4278|2004|1,2004,ID,ID-SCF-4278,Crane,7,26,208,2004,7,17,199,0,0,0,0,0,0,0,0,0,0,Lightning,"c(0, 0)"
ID-SCF-4334|2004|1,2004,ID,ID-SCF-4334,Suphur,8,31,233,2004,7,30,212,0,0,0,0,0,0,0,0,0,0,Lightning,"c(0, 0)"
ID-SCF|2002|1,2002,ID,ID-SCF,IRIS,7,25,206,2002,7,23,204,4.04686e-4,0,0,0,0,0,0,0,0,0,Lightning,"c(-115.185278, 24.503611)"
IL-ILS-001|2005|1,2005,IL,IL-ILS-001,Illinois Beach,7,6,187,2005,5,31,151,0.9631526800000001,0,0,0,0,0,0,0,0,0,Human,"c(0, 0)"
IN-INS-000001|2007|1,2007,IN,IN-INS-000001,Mongo F&W Fire,4,16,106,2007,3,29,88,1.6187440000000002,0,0,0,0,18,0,18,0,1,Human,"c(0, 0)"
KS-KSS-0293|2004|1,2004,KS,KS-KSS-0293,KRAUSE,4,17,108,2004,4,7,98,28.328020000000002,0,0,0,0,12,0,12,0,1,Human,"c(0, 0)"
KS-KSX-000695|2006|1,2006,KS,KS-KSX-000695,OLSON,6,16,167,2006,6,15,166,6.07029,4e3,0,0,0,0,0,0,0,0,Lightning,"c(0, 0)"
KS-KSX-00093|2006|1,2006,KS,KS-KSX-00093,Valencia Road,2,13,44,2006,2,8,39,3.2374880000000004,0,0,0,0,55,0,55,0,1,Human,"c(0, 0)"
KS-KSX-1331|2004|1,2004,KS,KS-KSX-1331,DUNNE RANCH,12,13,348,2004,12,13,348,6.07029,3e4,0,0,0,48,0,48,0,1,Human,"c(0, 0)"
KY-DBF-02042|2001|1,2001,KY,KY-DBF-02042,Redbird Fall Fires,11,23,327,2001,10,28,301,64.21962133999999,7474434,0,0,300,603,2,1439,8,9,Human,"c(0, 0)"
KY-KYS-2013|2006|1,2006,KY,KY-KYS-2013,Briar Fork,3,14,73,2006,3,10,69,0.8093720000000001,0,0,0,0,11,0,11,0,1,Human,"c(0, 0)"
KY-KYS-2014|2006|1,2006,KY,KY-KYS-2014,Lower Second Creek,3,14,73,2006,3,10,69,1.71182178,0,0,0,0,12,0,12,0,1,Human,"c(0, 0)"
KY-KYS-2015|2006|1,2006,KY,KY-KYS-2015,White Oak,3,14,73,2006,3,10,69,0.50181064,0,0,0,0,20,0,20,0,1,Human,"c(0, 0)"
KY-KYS-2016|2006|1,2006,KY,KY-KYS-2016,Bismal,3,14,73,2006,3,10,69,0.48562320000000003,0,0,0,0,9,0,9,0,1,Human,"c(0, 0)"
KY-KYS-2017|2006|1,2006,KY,KY-KYS-2017,Turkey Hen,3,14,73,2006,3,11,70,1.2059642800000001,0,0,0,0,10,0,10,0,1,Human,"c(0, 0)"
KY-KYS-2018|2006|1,2006,KY,KY-KYS-2018,Line Fork,3,14,73,2006,3,13,72,0.8093720000000001,0,0,0,0,8,0,8,0,1,Human,"c(0, 0)"
LA-BSR-012001|2012|1,2012,LA,LA-BSR-012001,Chicot Lagoon,7,28,210,2012,7,27,209,0.67177876,7e3,0,0,0,9,0,9,0,1,Lightning,"c(-89.751389, 30.046944)"
LA-SBR-02013|2002|1,2002,LA,LA-SBR-02013,PLAINS FIRE,5,28,148,2002,5,26,146,5.21235568,16e3,0,0,0,10,0,18,0,2,Lightning,"c(-93.500278, 29.083333)"
MD-MDS-05-4015|2005|1,2005,MD,MD-MDS-05-4015,MDS Fire #2,6,29,180,2005,6,8,159,0.00404686,0,0,0,0,0,0,0,0,0,Unk,"c(0, 0)"
MD-MDS-05-4016|2005|1,2005,MD,MD-MDS-05-4016,MDS Fire #3,6,29,180,2005,6,8,159,0.00404686,0,0,0,0,0,0,0,0,0,Unk,"c(0, 0)"
MD-MDS-05-4017|2005|1,2005,MD,MD-MDS-05-4017,MDS Fire#4,6,29,180,2005,6,8,159,0.00404686,0,0,0,0,0,0,0,0,0,Unk,"c(0, 0)"
MD-MDS-05-4018|2005|1,2005,MD,MD-MDS-05-4018,MDS Fire #5,6,29,180,2005,6,8,159,0.00404686,0,0,0,0,0,0,0,0,0,Unk,"c(0, 0)"
MD-MDS-05-4019|2005|1,2005,MD,MD-MDS-05-4019,MDS Fire #6,6,29,180,2005,6,8,159,0.00404686,0,0,0,0,0,0,0,0,0,Unk,"c(0, 0)"
MD-MDS-2004-4002|2004|1,2004,MD,MD-MDS-2004-4002,Cedar Creek Fire,1,12,12,2004,1,11,11,3.439831,0,0,0,0,8,0,8,0,2,Human,"c(-38.333333, 76.083333)"
MD-MDS-2004-4005|2004|1,2004,MD,MD-MDS-2004-4005,Robbins Fire,1,15,15,2004,1,13,13,3.035145,0,0,0,0,9,0,9,0,2,Human,"c(-38.358333, 76.083333)"
MI-HIF-003|2003|1,2003,MI,MI-HIF-003,East Lakle Fire,5,29,121,2003,4,28,118,0.060702900000000004,3e3,0,1,2,17,0,34,0,3,Unk,"c(0, 0)"
MI-HMF-15|2003|1,2003,MI,MI-HMF-15,Bills Lake,4,25,115,2003,4,14,104,0.7284348,18e4,0,0,0,80,0,88,0,2,Human,"c(-85.625, 85.625)"
MI-MIS-000001|2009|1,2009,MI,MI-MIS-000001,Kent #1,4,21,111,2009,4,16,106,0.06879662,0,0,1,11,0,0,0,0,0,Human,"c(-85.503056, 45.252083)"
MI-MIS-004|2005|1,2005,MI,MI-MIS-004,Antrim #006,6,29,180,2005,6,7,158,0.09307777999999998,0,0,1,0,0,0,0,0,0,Unk,"c(0, 0)"
MI-MIS-005|2005|1,2005,MI,MI-MIS-005,Arenac #006,6,29,180,2005,6,7,158,0.00404686,0,0,0,0,0,0,0,0,0,Unk,"c(0, 0)"
MI-MIS-006|2005|1,2005,MI,MI-MIS-006,Benzie #002,6,28,179,2005,6,7,158,0.0202343,0,0,0,0,0,0,0,0,0,Unk,"c(0, 0)"
MI-MIS-007|2005|1,2005,MI,MI-MIS-007,Charlevoix #003,6,28,179,2005,6,7,158,0.00809372,0,0,0,0,0,0,0,0,0,Unk,"c(0, 0)"
MI-MIS-008|2005|1,2005,MI,MI-MIS-008,Chippewa #008,6,28,179,2005,6,28,179,0.01618744,0,0,1,0,0,0,0,0,0,Unk,"c(0, 0)"
MI-MIS-009|2005|1,2005,MI,MI-MIS-009,Clare #010,6,28,179,2005,6,7,158,0.00404686,0,0,0,0,0,0,0,0,0,Unk,"c(0, 0)"
MI-MIS-010|2005|1,2005,MI,MI-MIS-010,Clare #006,6,28,179,2005,6,28,179,0.00404686,0,0,0,0,0,0,0,0,0,Unk,"c(0, 0)"
MI-MIS-011|2005|1,2005,MI,MI-MIS-011,Delta #002,6,28,179,2005,6,28,179,0.024281160000000003,0,0,1,0,0,0,0,0,0,Unk,"c(0, 0)"
MI-MIS-012|2005|1,2005,MI,MI-MIS-012,Lake #001,6,28,179,2005,6,28,179,0.00404686,0,0,0,0,0,0,0,0,0,Unk,"c(0, 0)"
MI-MIS-013|2005|1,2005,MI,MI-MIS-013,Mackinac #001,6,28,179,2005,6,7,158,0.00404686,0,0,0,0,0,0,0,0,0,Unk,"c(0, 0)"
MI-MIS-014|2005|1,2005,MI,MI-MIS-014,Marquette #002,6,29,180,2005,6,7,158,0.00404686,0,0,0,0,0,0,0,0,0,Unk,"c(0, 0)"
MI-MIS-015|2005|1,2005,MI,MI-MIS-015,Mecosta #003,6,29,180,2005,6,7,158,0.00404686,0,0,0,0,0,0,0,0,0,Unk,"c(0, 0)"
MI-MIS-016|2005|1,2005,MI,MI-MIS-016,Menominee #009,6,29,180,2005,6,7,158,0.00404686,0,0,0,0,0,0,0,0,0,Unk,"c(0, 0)"
MI-MIS-017|2005|1,2005,MI,MI-MIS-017,Montmorency #001,6,29,180,2005,6,7,158,0.00404686,0,0,0,0,0,0,0,0,0,Unk,"c(0, 0)"
MI-MIS-018|2005|1,2005,MI,MI-MIS-018,Oceana #006,6,29,180,2005,6,7,158,0.06879662,0,0,2,0,0,0,0,0,0,Unk,"c(0, 0)"
MI-MIS-019|2005|1,2005,MI,MI-MIS-019,Osceola #005,6,29,180,2005,6,7,158,0.00809372,0,0,0,0,0,0,0,0,0,Unk,"c(0, 0)"
MI-MIS-020|2005|1,2005,MI,MI-MIS-020,Oseola #012,6,29,180,2005,6,7,158,0.028328020000000002,0,0,0,0,0,0,0,0,0,Unk,"c(0, 0)"
MI-MIS-021|2005|1,2005,MI,MI-MIS-021,Osceola #008,6,29,180,2005,6,7,158,0.00404686,0,0,0,0,0,0,0,0,0,Unk,"c(0, 0)"
MI-MIS-022|2005|1,2005,MI,MI-MIS-022,Oscoda #001,6,29,180,2005,6,7,158,0.20234300000000002,0,0,0,0,0,0,0,0,0,Unk,"c(0, 0)"
MI-MIS-3|2003|1,2003,MI,MI-MIS-3,Muskegon,4,25,115,2003,4,14,104,1.116528674,0,0,0,1,0,0,0,0,0,Human,"c(-43.335556, 86.011111)"
MN-DNR-1210220|2004|1,2004,MN,MN-DNR-1210220,Sink Fire,4,30,121,2004,4,27,118,1.4568696,2043,0,0,0,0,0,0,0,0,Human,"c(0, 0)"
MN-MNA-FDA-010|2012|1,2012,MN,MN-MNA-FDA-010,Almost,4,13,104,2012,4,12,103,0.00404686,2500,0,0,2,18,0,18,0,3,Unk,"c(-92.628611, 48.848333)"
MN-MNS-121047|2005|1,2005,MN,MN-MNS-121047,Juneberry Fire,5,9,129,2005,5,6,126,10.11715,300,0,0,0,6,0,12,0,1,Human,"c(0, 0)"
MN-MNS-121057|2005|1,2005,MN,MN-MNS-121057,Norland Fire,10,18,291,2005,10,16,289,1.416401,2500,0,0,0,20,1,40,2,2,Human,"c(-98.5725, 49.575)"
MN-MNS-14204307|2007|1,2007,MN,MN-MNS-14204307,Molly Lake Fire,5,1,121,2007,5,1,121,0.012140580000000002,0,0,0,0,0,0,0,0,0,Unk,"c(0, 0)"
MN-MNS-253002|2007|1,2007,MN,MN-MNS-253002,Alger Barn,4,21,111,2007,4,20,110,0.012140580000000002,3700,0,0,1,21,0,21,0,2,Human,"c(-91.618917, 49.153417)"
MN-MNS-31110035|2004|1,2004,MN,MN-MNS-31110035,Gully,5,8,129,2004,4,30,121,6.07029,300,0,0,0,0,0,0,0,0,Human,"c(0, 0)"
MN-MNS-312-0040-07|2007|1,2007,MN,MN-MNS-312-0040-07,Lake Osakis Fire,5,30,150,2007,4,26,116,0.00809372,0,0,0,0,0,0,0,0,0,Human,"c(0, 0)"
MN-MNS-31420430|2006|1,2006,MN,MN-MNS-31420430,Lake Hubert,4,13,103,2006,4,12,102,0.00404686,0,0,2,0,0,0,0,0,0,Unk,"c(0, 0)"
MN32016-02|2002|1,2002,MN,MN32016-02,Bengston Bales,5,30,150,2002,5,21,141,0.00809372,11e3,0,0,0,25,0,50,0,2,Human,"c(0, 0)"
MO-MOS-000015|2005|1,2005,MO,MO-MOS-000015,WATERS,3,31,90,2005,3,12,71,0.77295026,0,0,0,0,20,0,24,0,2,Human,"c(-92.810556, 52)"
MO-MOS-000022|2004|1,2004,MO,MO-MOS-000022,Lead Mine Fire,1,5,5,2004,12,27,362,1.68754062,0,0,0,0,0,0,0,0,0,Human,"c(0, 0)"
MO-MOS-000022|2012|1,2012,MO,MO-MOS-000022,Orla,6,29,181,2012,6,29,181,0.06474976,1e3,0,0,0,0,0,0,0,0,Human,"c(-56.367222, 37.532222)"
MO-MOS-000066|2004|1,2004,MO,MO-MOS-000066,SKINNER,4,8,99,2004,4,8,99,0.67177876,0,0,0,3,9,0,9,0,2,Human,"c(0, 0)"
MS-GBR-00H|2005|1,2005,MS,MS-GBR-00H,GRAND BAY,9,24,267,2005,9,17,260,4.04686,0,0,0,0,28,0,28,0,3,Unk,"c(0, 0)"
MS-MSS-00201|2006|1,2006,MS,MS-MSS-00201,321 FIRE,3,15,74,2006,1,5,5,0.51799808,0,0,0,0,7,0,21,0,2,Human,"c(0, 0)"
MS-MSS-00202|2006|1,2006,MS,MS-MSS-00202,PEEWEE FIRE,3,13,72,2006,1,19,19,0.0809372,0,0,0,0,7,0,19,0,2,Human,"c(0, 0)"
MS-MSS-00203|2006|1,2006,MS,MS-MSS-00203,LACROIX II,3,10,69,2006,1,14,14,1.6187440000000002,0,0,0,1,17,0,41,0,2,Human,"c(0, 0)"
MS-MSS-00204|2006|1,2006,MS,MS-MSS-00204,DUCAN'S FIRE,3,7,66,2006,1,19,19,0.01618744,0,0,1,0,5,0,5,0,2,Human,"c(0, 0)"
MS-MSS-00205|2006|1,2006,MS,MS-MSS-00205,BRUSHY CREEK FIRE,3,8,67,2006,2,9,40,0.607029,0,0,0,0,17,0,22,0,2,Human,"c(0, 0)"
MS-MSS-00206|2006|1,2006,MS,MS-MSS-00206,SMITH LANE FIRE,3,7,66,2006,2,14,45,0.00809372,0,0,0,0,5,0,5,0,2,Human,"c(0, 0)"
MS-MSS-00207|2006|1,2006,MS,MS-MSS-00207,ENTRICAN FIRE,3,7,66,2006,2,14,45,0.5058575,0,0,0,0,5,0,5,0,1,Human,"c(0, 0)"
MS-MSS-00208|2006|1,2006,MS,MS-MSS-00208,WOODS CREEK FIRE,3,7,66,2006,2,15,46,0.0404686,0,0,0,0,5,0,5,0,2,Human,"c(0, 0)"
MS-MSS-00208A|2006|1,2006,MS,MS-MSS-00208A,KINGS FIRE,3,7,66,2006,2,16,47,0.7284348,0,0,0,0,11,0,11,0,2,Human,"c(0, 0)"
MS-MSS-00210|2006|1,2006,MS,MS-MSS-00210,COUNTY LINE FIRE,3,7,66,2006,2,22,53,0.46538890000000005,0,0,0,0,15,0,15,0,2,Human,"c(0, 0)"
MS-MSS-00211|2006|1,2006,MS,MS-MSS-00211,LOST FIRE,3,8,67,2006,2,24,55,0.6636850400000001,0,0,0,0,3,0,3,0,1,Human,"c(0, 0)"
MS-MSS-00213|2006|1,2006,MS,MS-MSS-00213,PIG BRANCH FIRE,3,8,67,2006,2,26,57,1.214058,0,0,0,0,11,0,11,0,2,Human,"c(0, 0)"
MS-MSS-00216|2006|1,2006,MS,MS-MSS-00216,WATERFORD FIRE,3,8,67,2006,3,3,62,0.40468600000000005,0,0,0,0,19,0,19,0,2,Human,"c(0, 0)"
MS-MSS-00217|2006|1,2006,MS,MS-MSS-00217,DUPREE FIRE,3,8,67,2006,3,3,62,0.607029,0,0,0,0,9,0,9,0,2,Human,"c(0, 0)"
MS-MSS-00218|2006|1,2006,MS,MS-MSS-00218,CEASAR FIRE,3,8,67,2006,3,3,62,1.011715,0,0,0,0,13,0,13,0,2,Human,"c(0, 0)"
MS-MSS-00224|2006|1,2006,MS,MS-MSS-00224,SANDY CREEK FIRE,3,8,67,2006,3,4,63,2.02343,0,0,0,0,13,0,13,0,2,Human,"c(0, 0)"
MS-MSS-00225|2006|1,2006,MS,MS-MSS-00225,ANNER FIRE,3,8,67,2006,3,4,63,1.0724179,0,0,0,0,15,0,15,0,2,Human,"c(0, 0)"
MS-MSS-00226|2006|1,2006,MS,MS-MSS-00226,BLACK CREEK FIRE,3,8,67,2006,3,4,63,0.8903091999999999,0,0,0,0,11,0,11,0,2,Human,"c(0, 0)"
MS-MSS-00227|2006|1,2006,MS,MS-MSS-00227,HICKMAN FIRE,3,8,67,2006,3,4,63,0.5058575,0,0,0,0,3,0,3,0,1,Human,"c(0, 0)"
MS-MSS-00229|2006|1,2006,MS,MS-MSS-00229,CENTER RIDGE,3,8,67,2006,3,4,63,0.7284348,0,0,0,0,9,0,9,0,2,Human,"c(0, 0)"
MS-MSS-00230|2006|1,2006,MS,MS-MSS-00230,ELLZEY FIRE,3,8,67,2006,3,5,64,0.12140580000000001,0,0,0,2,7,0,7,0,2,Human,"c(0, 0)"
MS-MSS-00231|2006|1,2006,MS,MS-MSS-00231,SISTRUNK FIRE,3,8,67,2006,3,5,64,1.4568696,0,0,0,0,15,0,15,0,2,Human,"c(0, 0)"
MS-MSS-00232|2006|1,2006,MS,MS-MSS-00232,PINOLO FIRE,3,8,67,2006,3,5,64,1.0521836,0,0,0,3,13,0,13,0,2,Human,"c(0, 0)"
MS-MSS-00233|2006|1,2006,MS,MS-MSS-00233,MARION SCHOOL FIRE,3,8,67,2006,3,5,64,0.48562320000000003,0,0,0,0,3,0,3,0,1,Human,"c(0, 0)"
MS-MSS-00236|2006|1,2006,MS,MS-MSS-00236,OSTEEN RD. FIRE,3,9,68,2006,3,5,64,1.6187440000000002,0,0,0,0,9,0,18,0,1,Human,"c(0, 0)"
MS-MSS-00237|2006|1,2006,MS,MS-MSS-00237,CLEMNTS FIRE,3,8,67,2006,3,5,64,0.7082005,0,0,0,0,15,0,15,0,2,Human,"c(0, 0)"
MS-MSS-00243|2006|1,2006,MS,MS-MSS-00243,GRANTHAM FIRE,3,8,67,2006,3,5,64,0.8903091999999999,0,0,0,0,7,0,7,0,1,Human,"c(0, 0)"
MS-MSS-00244|2006|1,2006,MS,MS-MSS-00244,THOMPSON FIRE,3,8,67,2006,3,1,60,0.40468600000000005,0,0,0,0,9,0,9,0,2,Human,"c(0, 0)"
MS-MSS-00245|2006|1,2006,MS,MS-MSS-00245,GALENA FIRE,3,8,67,2006,3,1,60,0.40468600000000005,0,0,0,14,9,0,9,0,1,Human,"c(0, 0)"
MS-MSS-00246|2006|1,2006,MS,MS-MSS-00246,SPRING FIRE,3,8,67,2006,3,2,61,2.02343,0,0,0,0,25,0,25,0,2,Human,"c(0, 0)"
MS-MSS-00247|2006|1,2006,MS,MS-MSS-00247,WOLF RIVER FIRE,3,8,67,2006,3,2,61,0.607029,0,0,0,0,11,0,11,0,2,Human,"c(0, 0)"
MS-MSS-00248|2006|1,2006,MS,MS-MSS-00248,MORRIS CREEK FIRE,3,8,67,2006,3,5,64,0.00404686,0,0,0,0,13,0,13,0,2,Human,"c(0, 0)"
MS-MSS-00249|2006|1,2006,MS,MS-MSS-00249,MT OLIVE,3,8,67,2006,3,5,64,0.40468600000000005,0,0,0,0,5,0,5,0,1,Human,"c(0, 0)"
MS-MSS-00250|2006|1,2006,MS,MS-MSS-00250,HATCHIE RIVER,3,8,67,2006,3,5,64,2.428116,0,0,0,0,23,0,23,0,2,Human,"c(0, 0)"
MS-MSS-00251|2006|1,2006,MS,MS-MSS-00251,WALL DOXEY,3,8,67,2006,3,3,62,0.40468600000000005,0,0,0,0,19,0,19,0,2,Human,"c(0, 0)"
MS-MSS-00252|2006|1,2006,MS,MS-MSS-00252,CHICKASAW,3,8,67,2006,3,3,62,0.607029,0,0,0,0,9,0,9,0,2,Human,"c(0, 0)"
MS-MSS-00253|2006|1,2006,MS,MS-MSS-00253,MORGAN fIRE,3,8,67,2006,3,6,65,1.0319493,0,0,0,0,5,0,5,0,1,Human,"c(0, 0)"
MS-MSS-00253A|2006|1,2006,MS,MS-MSS-00253A,COWPEN FIRE,3,16,75,2006,3,6,65,1.214058,0,0,0,0,10,0,20,0,2,Human,"c(0, 0)"
MS-MSS-00260|2006|1,2006,MS,MS-MSS-00260,BELL CREEK,3,9,68,2006,3,2,61,1.011715,0,0,0,0,23,0,23,0,2,Human,"c(0, 0)"
MS-MSS-00261|2006|1,2006,MS,MS-MSS-00261,BIG SPRING FIRE,3,9,68,2006,3,2,61,2.02343,0,0,0,0,25,0,25,0,2,Human,"c(0, 0)"
MS-MSS-00262|2006|1,2006,MS,MS-MSS-00262,HOLLY SPRINGS FIRE,3,9,68,2006,3,7,66,0.607029,0,0,0,0,13,0,13,0,2,Human,"c(0, 0)"
MS-MSS-00263|2006|1,2006,MS,MS-MSS-00263,FUNNY FIRE,3,9,68,2006,3,7,66,0.7486691000000001,0,0,0,0,11,0,11,0,2,Human,"c(0, 0)"
MS-MSS-00264|2006|1,2006,MS,MS-MSS-00264,ELECTRIC FIRE,3,9,68,2006,3,7,66,0.65154446,0,0,0,0,2,0,2,0,1,Human,"c(0, 0)"
MS-MSS-00266|2006|1,2006,MS,MS-MSS-00266,RED GAP FIRE,3,9,68,2006,3,7,66,1.5985097,0,0,0,0,5,0,5,0,1,Human,"c(0, 0)"
MS-MSS-00271|2006|1,2006,MS,MS-MSS-00271,CHUBBY FIRE,3,9,68,2006,3,2,61,0.607029,0,0,0,0,11,0,11,0,2,Human,"c(0, 0)"
MS-MSS-00272|2006|1,2006,MS,MS-MSS-00272,TINSIDE FIRE,3,15,74,2006,3,8,67,0.40468600000000005,0,0,0,0,11,0,22,0,2,Human,"c(-90.101389, 90.101389)"
MS-MSS-00362|2006|1,2006,MS,MS-MSS-00362,Orphan Creek,6,13,164,2006,6,8,159,0.48967005999999996,0,0,0,0,3,0,3,0,1,Human,"c(0, 0)"
MS-MSS-00363|2006|1,2006,MS,MS-MSS-00363,Rattlesnake Bay,6,13,164,2006,6,11,162,2.428116,0,0,0,0,9,0,9,0,1,Human,"c(0, 0)"
MS-MSS-0057|2004|1,2004,MS,MS-MSS-0057,Gas Line Fire,4,7,98,2004,6,4,156,0.44515459999999996,0,0,0,0,3,0,3,0,1,Human,"c(0, 0)"
MS-MSS-0058|2004|1,2004,MS,MS-MSS-0058,McVille Fire,4,7,98,2004,4,4,95,0.9267309399999999,0,0,0,8,12,0,12,0,2,Human,"c(0, 0)"
MS-MSS-0058|2006|1,2006,MS,MS-MSS-0058,WIRTH HALL ROAD,1,5,5,2006,1,5,5,0.607029,0,0,0,0,10,0,10,0,1,Human,"c(0, 0)"
MS-MSS-0060|2006|1,2006,MS,MS-MSS-0060,MILL CREEK,1,5,5,2006,1,5,5,0.607029,0,0,0,0,5,0,5,0,2,Human,"c(0, 0)"
MS-MSS-0061|2006|1,2006,MS,MS-MSS-0061,GAS LINE,1,2,2,2006,1,2,2,0.29946764,0,0,1,0,11,0,11,0,2,Human,"c(0, 0)"
MS-MSS-0062|2006|1,2006,MS,MS-MSS-0062,RAILROAD,1,2,2,2006,1,2,2,0.9105435000000001,0,0,0,0,7,0,7,0,2,Human,"c(0, 0)"
MS-MSS-0063|2006|1,2006,MS,MS-MSS-0063,MUD CREEK,1,7,7,2006,1,7,7,0.01618744,0,0,0,3,12,0,12,0,2,Human,"c(0, 0)"
MS-MSS-0064|2006|1,2006,MS,MS-MSS-0064,REMICK CREEK,1,8,8,2006,1,8,8,0.607029,0,0,0,0,5,0,5,0,2,Human,"c(0, 0)"
MS-MSS-0065|2006|1,2006,MS,MS-MSS-0065,MARIETTA,1,8,8,2006,1,8,8,0.07284348,0,0,0,0,6,0,6,0,2,Human,"c(0, 0)"
MS-MSS-0066|2006|1,2006,MS,MS-MSS-0066,CYPRESS POND,1,8,8,2006,1,8,8,0.9348246600000001,0,0,0,0,8,0,8,0,2,Human,"c(0, 0)"
MS-MSS-0067|2006|1,2006,MS,MS-MSS-0067,BALLS CREEK,1,6,6,2006,1,6,6,0.00404686,0,0,0,0,5,0,5,0,2,Human,"c(0, 0)"
MS-MSS-0070|2006|1,2006,MS,MS-MSS-0070,GARY TRAIL,1,8,8,2006,1,8,8,0.607029,0,0,0,0,16,0,16,0,2,Human,"c(0, 0)"
MS-MSS-0071|2006|1,2006,MS,MS-MSS-0071,PARTEE ROAD,1,8,8,2006,1,8,8,0.40468600000000005,0,0,0,0,14,0,14,0,2,Human,"c(0, 0)"
MS-MSS-0072|2006|1,2006,MS,MS-MSS-0072,MCSWINE CREEK,1,10,10,2006,1,8,8,0.1416401,0,0,0,1,12,0,12,0,2,Human,"c(0, 0)"
MS-MSS-0073|2006|1,2006,MS,MS-MSS-0073,HORSESHOE RD,1,8,8,2006,1,8,8,0.2630459,0,0,0,2,26,0,26,0,2,Human,"c(0, 0)"
MS-MSS-0077|2006|1,2006,MS,MS-MSS-0077,RICEVILLE,1,5,5,2006,1,5,5,0.8093720000000001,0,0,0,0,10,0,10,0,3,Human,"c(0, 0)"
MS-MSS-0078|2006|1,2006,MS,MS-MSS-0078,WOOTEN CREEK,1,7,7,2006,1,7,7,0.10117150000000001,0,1,0,0,6,0,6,0,2,Human,"c(0, 0)"
MS-MSS-0079|2006|1,2006,MS,MS-MSS-0079,GRENADA JUNCTION,1,7,7,2006,1,7,7,0.060702900000000004,0,1,0,0,6,0,6,0,2,Human,"c(0, 0)"
MS-MSS-0081|2006|1,2006,MS,MS-MSS-0081,FLINT TRAIL,1,10,10,2006,1,10,10,0.6879662000000001,0,0,0,3,14,0,14,0,2,Human,"c(0, 0)"
MS-MSS-01|2002|1,2002,MS,MS-MSS-01,BlackCreek,5,23,143,2002,5,21,141,5.058575,0,0,0,10,30,0,30,0,2,Human,"c(0, 0)"
MT-BRF-5083|2006|1,2006,MT,MT-BRF-5083,Thompson Flat,11,22,307,2006,8,7,219,0.00404686,100,0,0,0,0,0,0,0,0,Lightning,"c(0, 0)"
MT-BRF-5085|2006|1,2006,MT,MT-BRF-5085,East Langdon,11,24,307,2006,8,7,219,8.17870406,1800,0,0,0,1,0,2,0,1,Lightning,"c(0, 0)"
MT-BRF-5134|2006|1,2006,MT,MT-BRF-5134,North Harrington,11,14,307,2006,8,8,220,0.0202343,150,0,0,0,0,0,0,0,0,Lightning,"c(0, 0)"
MT-BRF-5162|2006|1,2006,MT,MT-BRF-5162,Indian Creek,11,12,307,2006,9,4,247,0.00404686,150,0,0,0,0,0,0,0,0,Lightning,"c(0, 0)"
MT-FBA-00087|2012|1,2012,MT,MT-FBA-00087,Welder,9,19,263,2012,9,14,258,134.83328148,25e4,0,0,1,76,0,292,0,4,Human,"c(-108.649722, 49.323056)"
NC-CLQ-043002|2004|1,2004,NC,NC-CLQ-043002,BT-11,7,19,201,2004,7,16,198,6.07029,0,0,0,0,15,0,15,0,1,Human,"c(-35.016667, 76.420833)"
NC-ECA-074070|2007|1,2007,NC,NC-ECA-074070,SMITH,5,27,147,2007,5,3,123,1.214058,15e3,0,0,13,135,0,221,0,4,Human,"c(-83.281111, 45.5975)"
NC-NCF-1000078|2010|1,2010,NC,NC-NCF-1000078,Holiday Fire,7,30,190,2010,6,29,180,1.011715,7e4,0,0,0,0,0,0,0,0,Lightning,"c(-76.150278, 34.768333)"
NC-NCS-06069042|2006|1,2006,NC,NC-NCS-06069042,Pamlico Marsh Fire,4,21,111,2006,4,19,109,2.832802,0,0,0,0,5,0,5,0,1,Human,"c(-76.551667, 34.313333)"
NC-NCS-07027054|2007|1,2007,NC,NC-NCS-07027054,Fox Knowl,5,4,124,2007,5,3,123,0.42492030000000003,0,0,0,4,13,0,13,0,2,Unk,"c(-75.863611, 26.134167)"
NC-NCS-09008016|2009|1,2009,NC,NC-NCS-09008016,Capehart Road,3,8,67,2009,3,8,67,0.46538890000000005,0,0,0,0,0,0,0,0,0,Unk,"c(-76.860556, 31.025)"
ND-NDS-002|2003|1,2003,ND,ND-NDS-002,Dawson,8,18,230,2003,8,17,229,12.14058,0,0,0,0,58,0,58,0,1,Human,"c(0, 0)"
ND-NDS-003|2003|1,2003,ND,ND-NDS-003,Center,8,21,233,2003,8,20,232,3.6421740000000002,0,0,0,0,56,0,56,0,1,Human,"c(0, 0)"
ND-NDS-006|2003|1,2003,ND,ND-NDS-006,New Salem,8,28,240,2003,8,27,239,2.428116,0,0,0,0,65,0,65,0,1,Lightning,"c(0, 0)"
ND-NDS-007|2004|1,2004,ND,ND-NDS-007,Hebron,8,2,215,2004,7,31,213,1.416401,0,1,0,0,35,0,35,0,1,Lightning,"c(-102.13, 49.93)"
ND-NDS-010|2004|1,2004,ND,ND-NDS-010,Richardton,9,2,246,2004,9,1,245,6.07029,0,0,0,0,50,0,100,0,1,Human,"c(0, 0)"
ND-NDS-08007|2008|1,2008,ND,ND-NDS-08007,Tokio-Ross,6,12,164,2008,4,14,105,3.2374880000000004,1200,0,0,0,0,0,0,0,0,Human,"c(-90.132778, 47.68)"
NM-N3S-3083|2002|1,2002,NM,NM-N3S-3083,LOS LAMENTOS,5,16,136,2002,5,12,132,18.21087,15e3,0,0,0,35,0,69,0,4,Human,"c(0, 0)"
NV-NTE-00042|2006|1,2006,NV,NV-NTE-00042,DOE 1 (MID-VALLEY),7,7,188,2006,7,4,185,34.39831,0,0,0,0,0,0,0,0,0,Lightning,"c(0, 0)"
NY-MZR-WF001|2010|1,2010,NY,NY-MZR-WF001,Dry Marsh,4,5,95,2010,4,4,94,2.80852084,2e4,0,0,0,10,0,15,0,3,Unk,"c(-76.767778, 45.985833)"
OH-WAF-01|2003|1,2003,OH,OH-WAF-01,ICE STORM,3,9,68,2003,2,16,47,40.4686,0,0,0,0,0,0,0,0,0,Unk,"c(0, 0)"
OK-CHA-005055|2005|1,2005,OK,OK-CHA-005055,IXL,12,29,351,2005,11,29,333,2.832802,2e4,0,0,5,22,0,22,0,5,Human,"c(-0.39, 34.721944)"
OK-NEU-30633|2009|1,2009,OK,OK-NEU-30633,QUALLS ROAD,4,20,110,2009,4,16,106,1.214058,0,0,0,3,9,0,18,0,2,Human,"c(-75.008333, 35.749722)"
OK-OKS-06-50001|2006|1,2006,OK,OK-OKS-06-50001,Fairland FD,3,30,89,2006,3,27,86,1.6187440000000002,0,0,0,0,0,0,0,0,0,Unk,"c(0, 0)"
OK-OKS-06-50002|2006|1,2006,OK,OK-OKS-06-50002,3 Red Eagle Drive,3,30,89,2006,3,10,69,0.0404686,0,0,0,1,9,0,9,0,1,Human,"c(0, 0)"
OK-OKS-06-50003|2006|1,2006,OK,OK-OKS-06-50003,Gage,3,30,89,2006,3,16,75,1.6187440000000002,3200,0,0,0,0,0,0,0,0,Unk,"c(0, 0)"
OK-OKS-06-50004|2006|1,2006,OK,OK-OKS-06-50004,Darrell Nichols old Place,3,30,89,2006,3,28,87,0.0202343,0,0,0,0,3,0,3,0,1,Human,"c(0, 0)"
OK-OKS-06-50005|2006|1,2006,OK,OK-OKS-06-50005,Chouteau Point,3,31,90,2006,3,27,86,0.20234300000000002,0,0,0,12,28,0,28,0,1,Unk,"c(0, 0)"
OK-OKS-06-50006|2006|1,2006,OK,OK-OKS-06-50006,SW Lincoln Co. 6119,3,31,90,2006,3,28,87,0.00809372,0,0,1,2,0,0,0,0,0,Human,"c(0, 0)"
OK-OKS-06-50007|2006|1,2006,OK,OK-OKS-06-50007,Copan 44,3,31,90,2006,3,27,86,3.2374880000000004,0,0,0,0,6,0,6,0,1,Unk,"c(0, 0)"
OK-OKS-06-50008|2006|1,2006,OK,OK-OKS-06-50008,Hwy33 & Jackwood Rd,4,11,101,2006,4,6,96,1.214058,0,0,2,40,49,0,98,0,2,Human,"c(0, 0)"
OK-OKS-06-50009|2006|1,2006,OK,OK-OKS-06-50009,Carselowey #1,4,11,101,2006,3,27,86,2.832802,0,0,0,2,10,0,10,0,1,Human,"c(0, 0)"
OK-OKS-06-50010|2006|1,2006,OK,OK-OKS-06-50010,10 Mile Road,4,19,109,2006,4,6,96,1.9424928000000001,0,0,0,30,0,0,0,0,0,Human,"c(0, 0)"
OK-OKS-06-50012|2006|1,2006,OK,OK-OKS-06-50012,OSFD #145,4,19,109,2006,4,6,96,0,0,0,1,1,4,0,4,0,1,Human,"c(0, 0)"
OK-OKS-06-50013|2006|1,2006,OK,OK-OKS-06-50013,Strother Fire 43,4,20,110,2006,4,17,107,1.214058,0,0,0,0,15,0,15,0,1,Human,"c(0, 0)"
OK-OKS-06-50014|2006|1,2006,OK,OK-OKS-06-50014,Gilbert Harris,6,28,179,2006,6,18,169,0.00404686,0,0,0,0,8,0,16,0,1,Human,"c(0, 0)"
OK-OKS-06-60005|2006|1,2006,OK,OK-OKS-06-60005,GUTHRIE FIRE,1,8,8,2006,1,1,1,4.04686,0,0,0,100,45,0,47,0,1,Unk,"c(0, 0)"
OK-OKS-06-6039|2006|1,2006,OK,OK-OKS-06-6039,Charles Harrier,2,12,43,2006,2,7,38,1.214058,0,0,0,2,42,0,105,0,2,Unk,"c(0, 0)"
OK-OKS-06-6052|2006|1,2006,OK,OK-OKS-06-6052,Marlow,3,5,64,2006,3,1,60,8.09372,0,0,0,0,8,0,8,0,1,Human,"c(-59.383333, 34.685)"
OK-OKS-06-6086|2006|1,2006,OK,OK-OKS-06-6086,Oklahoma Fire Response,3,31,82,2006,1,1,1,1798.69977048,96e5,0,40,185,327,6,11763,207,2,Unk,"c(0, 0)"
OK-OKS-30076|2003|1,2003,OK,OK-OKS-30076,Akins Fire,1,28,28,2003,1,27,27,0.6474976,0,0,0,2,5,0,5,0,1,Human,"c(0, 0)"
OK-OKS-30538|2006|1,2006,OK,OK-OKS-30538,Ozark Treasures,8,2,214,2006,8,1,213,0.00404686,0,0,0,2,7,0,14,0,2,Human,"c(0, 0)"
OK-OKS-MISC1|2002|1,2002,OK,OK-OKS-MISC1,ABC MISC-1,8,24,236,2002,1,1,1,0,0,0,1,171,0,0,0,0,0,Human,"c(0, 0)"
OK-OSA-008184|2008|1,2008,OK,OK-OSA-008184,Wa-Sha-She,12,6,341,2008,12,3,338,0.43867962400000005,0,0,0,0,0,0,0,0,0,Human,"c(-76.095833, 36.925556)"
OR-711-000131-04|2003|1,2003,OR,OR-711-000131-04,9-05 Complex,9,6,249,2003,9,5,248,2.7316305,4e5,0,0,0,425,0,425,0,4,Lightning,"c(0, 0)"
OR-PRD-0621|2007|1,2007,OR,OR-PRD-0621,621,8,8,220,2007,8,3,215,63.094594259999994,0,0,0,0,0,0,0,0,0,Human,"c(-128.4625, 45.537222)"
OR-UPF-0000034|2003|1,2003,OR,OR-UPF-0000034,KELSAY COMPLEX,10,31,290,2003,7,27,208,4.87241944,4e6,0,0,2,779,0,4628,0,9,Lightning,"c(-122.1875, 85.357222)"
OR-UPF-000016|2003|1,2003,OR,OR-UPF-000016,SNOG,8,10,222,2003,6,13,164,0,0,0,0,0,0,0,0,0,0,Unk,"c(0, 0)"
OR-VAD-000231|2005|1,2005,OR,OR-VAD-000231,Thieft Valley,7,29,210,2005,7,28,209,0.9712464000000001,0,0,0,0,0,0,0,0,0,Lightning,"c(0, 0)"
PA-PAS-001|2002|1,2002,PA,PA-PAS-001,Blue Mountain,9,9,247,2002,8,3,215,0.63131016,0,0,0,0,125,0,450,0,1,Lightning,"c(-75.533333, 47.666667)"
PA-PAS-031003|2007|1,2007,PA,PA-PAS-031003,Laurel Run/Lupfer,4,24,114,2007,4,22,112,0.00404686,0,0,0,0,37,0,37,0,2,Unk,"c(0, 0)"
PA-PAS-16-005|2006|1,2006,PA,PA-PAS-16-005,Campground,4,12,102,2006,3,30,89,0.00404686,0,0,0,0,0,0,0,0,0,Human,"c(0, 0)"
PA-PAS-19-024|2006|1,2006,PA,PA-PAS-19-024,Hamilton,4,5,95,2006,3,31,90,0,0,0,0,0,40,0,40,0,2,Unk,"c(0, 0)"
PR-CBR-000006|2012|1,2012,FL,PR-CBR-000006,Father Day,7,3,185,2012,6,16,168,1.0521836,15e3,0,0,0,3,0,3,0,2,Human,"c(-67.2025, 17.965556)"
PR-CBR-HUK4|2013|1,2013,,PR-CBR-HUK4,Cabo Rojo Saltflats,8,28,240,2013,8,7,219,0.45324832000000004,0,0,0,0,12,0,36,0,1,Human,"c(-67.203611, 17.967778)"
SC-FMF-090588|2009|1,2009,SC,SC-FMF-090588,Friday,4,27,117,2009,4,24,114,0.73248166,8e4,0,0,0,41,0,99,0,3,Human,"c(-33.899444, 33.314167)"
SC-SCS-6WF0239|2006|1,2006,SC,SC-SCS-6WF0239,RUFFIN,1,15,15,2006,1,15,15,0.00404686,0,0,0,1,2,0,2,0,1,Human,"c(-80.783333, 32)"
SD-PRA-258|2003|1,2003,SD,SD-PRA-258,PAPA,8,14,226,2003,8,13,225,20.1938314,0,0,0,2,40,0,80,0,1,Unk,"c(0, 0)"
TN-CNF-012|2001|1,2001,TN,TN-CNF-012,North-End Complex,11,20,324,2001,11,10,314,10.5825389,1297313,0,0,0,229,0,687,0,4,Human,"c(0, 0)"
TN-D3S-001|2002|1,2002,TN,TN-D3S-001,Meigs Co. Fire,8,29,241,2002,8,13,225,0.6677319,0,0,0,2,0,0,0,0,0,Human,"c(0, 0)"
TN-D3S-002|2002|1,2002,TN,TN-D3S-002,Rhea County,8,29,241,2002,8,13,225,1.6187440000000002,0,0,0,19,0,0,0,0,0,Human,"c(0, 0)"
TN-D3S-003|2002|1,2002,TN,TN-D3S-003,Ben Liner Hollw Fire,9,8,251,2002,9,5,248,0.44515459999999996,0,0,0,0,0,0,0,0,0,Human,"c(-84.75, 84.75)"
TN-TNS-D2S-003|2004|1,2004,TN,TN-TNS-D2S-003,Peabody Mountain,4,12,103,2004,4,8,99,1.011715,0,0,0,0,0,0,0,0,0,Human,"c(0, 0)"
TN-TNS-D5S004|2007|1,2007,TN,TN-TNS-D5S004,Old News Fire,4,13,103,2007,3,22,81,0.01618744,0,0,1,0,0,0,0,0,1,Human,"c(0, 0)"
TX-AHR-2819|2002|1,2002,TX,TX-AHR-2819,S. RES CAMPBELL,12,23,357,2002,12,19,353,2.428116,0,0,0,0,6,0,12,0,1,Human,"c(0, 0)"
TX-MCR-21525|2003|1,2003,TX,TX-MCR-21525,UNIT 1,7,31,212,2003,7,30,211,2.428116,0,0,0,0,2,0,2,0,1,Lightning,"c(-94.2, 29.583333)"
TX-MCR-2664|2002|1,2002,TX,TX-MCR-2664,OILFIELD BOUNDARY,7,9,190,2002,7,6,187,7.2843480000000005,0,0,0,0,17,0,34,0,2,Human,"c(-94.098056, 29.613333)"
TX-MCR-B228|2003|1,2003,TX,TX-MCR-B228,UNIT 6 WF,9,19,245,2003,8,19,231,17.32865452,0,0,0,2,17,0,28,0,2,Lightning,"c(-90.066667, 24.683333)"
TX-PAP-0000|2005|1,2005,TX,TX-PAP-0000,PADRE ISLAND NS,1,22,22,2005,1,16,16,1.08455848,5e5,0,0,0,26,0,52,0,3,Human,"c(-97, 25)"
TX-RGR-BL1V|2005|1,2005,TX,TX-RGR-BL1V,LOMA BLANCA RD,3,22,81,2005,3,21,80,1.8210870000000001,5e3,0,0,2,21,0,42,0,2,Human,"c(-99.028889, 26.403056)"
TX-RGR-CVM2|2006|1,2006,TX,TX-RGR-CVM2,BOCA CHICA COMPLEX,7,6,187,2006,7,4,185,1.8210870000000001,15e3,0,0,30,19,0,37,0,2,Human,"c(-97.133056, 25.966667)"
TX-SRR-A5C8|2004|1,2004,TX,TX-SRR-A5C8,La Rosita,6,24,176,2004,6,21,173,0.48562320000000003,8e3,0,0,12,18,3,54,3,2,Human,"c(-99.926111, 26.416667)"
TX-TXF-01039|2005|1,2005,TX,TX-TXF-01039,Hammer,8,24,236,2005,8,21,233,0.5867947,15e3,0,0,0,18,0,18,0,1,Lightning,"c(-94.216389, 21.207222)"
TX-TXS-00004|2003|1,2003,TX,TX-TXS-00004,GILES HILLS,4,5,95,2003,4,3,93,1.214058,0,0,0,0,22,0,23,0,2,Human,"c(0, 0)"
TX-TXS-006008|2005|1,2005,TX,TX-TXS-006008,EAST TEXAS INITIAL ATTACK,12,31,365,2005,12,26,360,0,0,0,3,25,76,0,76,0,6,Unk,"c(0, 0)"
TX-TXS-006008|2006|1,2006,TX,TX-TXS-006008,EAST TEXAS INITIAL ATTACK,1,25,25,2005,12,1,335,50.88521764,5370903,0,7,30,407,0,7602,0,8,Unk,"c(0, 0)"
TX-TXS-04018|2004|2,2004,TX,TX-TXS-04018,Eagle Spring,9,28,272,2004,7,25,207,0.43706088000000004,0,0,0,0,31,0,62,0,2,Human,"c(-95.196667, 28.965278)"
TX-TXS-06003|2006|1,2006,TX,TX-TXS-06003,North Central Texas IA,3,31,60,2005,11,1,331,1015.5271421199999,25369466,0,37,184,716,0,26765,0,10,Unk,"c(0, 0)"
TX-TXS-06013|2006|1,2006,TX,TX-TXS-06013,West Texas IA,6,31,152,2006,3,1,60,82.29694496,17775e3,0,1,145,453,0,19276,0,9,Unk,"c(0, 0)"
TX-TXS-06016|2006|1,2006,TX,TX-TXS-06016,West Texas Summer Fire,9,31,261,2006,9,31,261,37.84218786,20920719,0,0,60,515,1,21994,18,9,Unk,"c(0, 0)"
TX-TXS-066026|2006|1,2006,TX,TX-TXS-066026,0 Bar O #2,1,30,30,2006,1,28,28,1.06432418,0,0,0,0,0,0,0,0,0,Unk,"c(-100.647222, 23.145833)"
TX-TXS-066043|2006|1,2006,TX,TX-TXS-066043,Gunsight Complex,2,14,45,2006,2,12,43,6.576147499999999,0,0,2,15,0,0,0,0,0,Unk,"c(0, 0)"
TX-TXS-066082|2006|1,2006,TX,TX-TXS-066082,Pleasant Valley,3,16,75,2006,3,15,74,1.011715,0,0,0,0,7,0,7,0,1,Unk,"c(-98.246667, 23.763333)"
TX-TXS-88052|2008|1,2008,TX,TX-TXS-88052,Texas Winter Fires 2008,8,31,234,2008,1,28,28,89.58533981999999,77648139,0,8,270,509,0,65956,0,10,Unk,"c(0, 0)"
TX-TXS-88075|2008|1,2008,TX,TX-TXS-88075,400 Gin Fire,2,27,58,2008,2,24,55,8.498406,0,0,0,9,0,0,0,0,0,Human,"c(-101.665, 24.183056)"
TX-TXS-990045|2009|1,2009,TX,TX-TXS-990045,#1053,3,8,67,2009,3,5,64,2.6102247,0,0,1,0,0,0,0,0,0,Unk,"c(-55.084722, 0)"
UT-DIF-000063|2005|1,2005,UT,UT-DIF-000063,Kanab Creek WFU,11,16,313,2005,10,5,278,0.024281160000000003,0,0,0,0,3,0,6,0,1,Lightning,"c(0, 0)"
UT-NWS-155|2001|1,2001,UT,UT-NWS-155,Box Elder,6,23,174,2001,6,23,174,1.214058,4e3,0,0,0,27,0,27,0,2,Lightning,"c(0, 0)"
UT-SWS-00143|2006|1,2006,UT,UT-SWS-00143,test site,6,29,169,2006,5,25,145,2.63450586,0,0,0,100,188,0,631,0,4,Human,"c(-113.217222, 3.226667)"
VA-VAF-01064|2001|1,2001,VA,VA-VAF-01064,ROARING FORK,12,6,340,2001,12,4,338,0.5665604,0,0,0,0,36,0,36,0,1,Human,"c(0, 0)"
VA-VAS-0014|2006|1,2006,VA,VA-VAS-0014,Newsomes,3,14,73,2006,3,13,72,0.44515459999999996,2e3,0,0,60,32,0,32,0,1,Human,"c(0, 0)"
VA-VAS-08060422|2008|1,2008,VA,VA-VAS-08060422,Stacy Ridge,3,28,88,2008,3,26,86,2.02343,0,0,0,6,0,0,0,0,0,Human,"c(-37.453889, 82.002778)"
VA-VAS-09050056|2009|1,2009,VA,VA-VAS-09050056,Poor Mountain,4,21,111,2009,4,5,95,0.7082005,0,0,0,5,0,0,0,0,0,Human,"c(-80.206667, 80.206667)"
WA-NCP-146|2003|1,2003,WA,WA-NCP-146,NOCA COMPLEX,10,31,276,2003,8,5,217,13.68648052,12e4,0,0,0,26,0,180,0,3,Lightning,"c(-131.05, 48.766667)"
WA-SES-257|2003|1,2003,WA,WA-SES-257,OLD NACHES FIRE,8,13,222,2003,7,10,191,6.7177876,67e3,0,0,40,51,0,177,0,1,Unk,"c(-120.998889, 49.533056)"
WA-WFS-0004|2003|1,2003,WA,WA-WFS-0004,HIGHWAY 10 FIRE,7,30,211,2003,7,28,209,0.8093720000000001,0,0,0,0,65,0,65,0,1,Unk,"c(0, 0)"
WV-WVS-S2007500120|2007|1,2007,WV,WV-WVS-S2007500120,Mouth of Brushy Fork,6,4,155,2007,4,2,92,0.052609180000000005,0,0,0,3,0,0,0,0,0,Human,"c(-81.725278, 3.838611)"
WV-WVS-S2009400055|2009|1,2009,WV,WV-WVS-S2009400055,POWELLS MOUNTAIN,6,23,174,2009,4,25,115,0,0,0,0,0,0,0,0,0,0,Unk,"c(-100, 0)"
WV-WVS-S2009400152|2009|1,2009,WV,WV-WVS-S2009400152,BRADSHAW #2,6,23,174,2009,4,26,116,0,0,0,1,0,0,0,0,0,0,Unk,"c(-100, 0)"
WY-BTF-005|2003|1,2003,WY,WY-BTF-005,TWO ECHO,6,28,179,2003,5,30,150,0,0,0,0,0,1,0,2,0,1,Unk,"c(0, 0)"
WY-BTF-010|2004|1,2004,WY,WY-BTF-010,LITTLE HORSE WFU,8,31,244,2004,7,9,191,0.01618744,0,0,0,0,0,0,0,0,0,Lightning,"c(0, 0)"
