incident_unique_id,eyear,state,incidentnum,incidentname,emonth,eday,edoy,syear,smonth,sday,sdoy,area_km2,costs,fatalities,home.destroyed,home.threat,home.damage,comm.destroyed,comm.threat,comm.damage,max.pers,max.aerial,tot.pers,tot.aerial,max.agency.support,cause,confidence,geometry
"04-ALS-001|2004|1",2004,AL,04-ALS-001,1st quarter,3,15,75,2004,1,1,1,0.00404686,0,0,6,665,17,0,0,0,0,0,0,0,0,Unk,L,10407017.3121425|1788439.90598378
"04-ALS-017|2004|1",2004,AL,04-ALS-017,Fort Morgan,3,29,89,2004,3,26,86,1.011715,0,0,0,0,0,0,0,0,0,0,0,0,0,Human,H,785304.888640131|-775057.621847416
"1224|2006|1",2006,CA,1224,Multiple June Fires,6,30,181,2006,6,26,177,0.08498406,4e+05,0,0,2,0,0,0,0,247,0,1248,0,4,Lightning,NF,10407017.3121425|1788439.90598378
"2002-10|2002|1",2002,AL,2002-10,Oct1YTD,10,1,274,2002,8,1,213,0,0,1,4,52,0,0,0,0,0,0,0,0,0,Human,NF,10407017.3121425|1788439.90598378
"2003-01|2003|1",2003,AL,2003-01,Jan/Feb,3,4,63,2003,1,1,1,0,0,0,10,173,0,0,0,0,0,0,0,0,0,Lightning,NF,10407017.3121425|1788439.90598378
"2003-02|2003|1",2003,AL,2003-02,Mar/Apr,5,6,126,2003,3,1,60,0,0,0,1,167,0,0,0,0,0,0,0,0,0,Human,NF,10407017.3121425|1788439.90598378
"AK-ARR-000462|2013|1",2013,,AK-ARR-000462,Shoulder Mountain,7,24,205,2013,6,28,179,0,90000,0,0,0,0,0,0,0,0,0,0,0,0,Lightning,H,-2462462.91360056|3816528.36533836
"AK-CRS-314444|2013|1",2013,,AK-CRS-314444,Excelsior,10,26,294,2013,6,27,178,24.83557982,70000,0,0,0,0,0,0,0,0,0,0,0,1,Lightning,H,-2775073.63079078|3447804.87404281
"AK-CRS-314625|2013|1",2013,,AK-CRS-314625,Tabert Lake,10,21,294,2013,7,31,212,6.02577454,596072,0,0,0,0,0,0,0,5,0,10,0,1,Lightning,H,-2878582.12197756|3462776.13883009
"AK-CRS-713314415|2013|1",2013,,AK-CRS-713314415,Chistochina Trail,7,30,184,2013,6,26,177,0.12545266,452281,0,0,0,0,0,0,0,28,0,106,0,1,Lightning,H,-2446699.42460137|3983111.78422078
"AK-FAS-311088|2013|1",2013,,AK-FAS-311088,Louise Creek,8,29,241,2013,5,27,147,0.96719954,41876,0,0,0,0,0,0,0,0,0,0,0,0,Human,H,-2899709.15851275|3658212.38240338
"AK-FAS-311247|2013|1",2013,,AK-FAS-311247,Tatlanika Creek,8,29,241,2013,6,16,167,0.809372,20000,0,0,0,0,0,0,0,0,0,0,0,0,Human,H,-2886835.35301936|3660859.12609483
"AK-FAS-311248|2013|1",2013,,AK-FAS-311248,Old Valdez Trail,6,23,174,2013,6,16,167,0.0809372,626866,0,0,0,0,0,0,0,72,0,453,0,4,Human,H,-2781961.95580086|3639875.43414342
"AK-FAS-311255|2013|1",2013,,AK-FAS-311255,California Creek,9,29,249,2013,6,17,168,3.1565508,33141,0,0,0,0,0,0,0,0,0,0,0,0,Human,H,-2884635.82754254|3660454.35141318
"AK-FAS-311258|2013|1",2013,,AK-FAS-311258,Kanuti,7,30,199,2013,6,17,168,0.4856232,1522022,0,0,0,0,0,0,0,140,0,1165,0,4,Human,H,-2766925.06456594|3682001.64088329
"AK-FAS-311323|2013|1",2013,,AK-FAS-311323,Clear AFB,7,30,192,2013,6,20,171,0.3237488,1671448,0,0,0,0,0,0,0,148,0,933,0,5,Lightning,H,-2897398.41536987|3700070.34002039
"AK-FAS-311388|2013|1",2013,,AK-FAS-311388,Skinny's Road,10,30,274,2013,6,25,176,7.30862916,5e+06,0,0,26,0,0,1,0,477,0,5206,0,5,Human,H,-2850936.50655045|3717988.25285864
"AK-FAS-311649|2013|1",2013,,AK-FAS-311649,Long Creek,8,9,221,2013,8,3,215,0.33993624,681027,0,0,2,0,0,0,0,83,0,475,0,1,Human,H,-2746296.24703767|3708046.39147863
"AK-FAS-311679|2013|1",2013,,AK-FAS-311679,Caribou Creek,10,29,274,2013,8,11,223,53.216209,1242928,0,0,0,0,0,0,0,56,0,226,0,2,Human,H,-2710860.37239799|3629389.23352991
"AK-GAD-000292|2013|1",2013,,AK-GAD-000292,Shaktoolik RIver,8,27,213,2013,6,20,171,47.34623857,0,0,0,0,0,0,0,0,0,0,0,0,0,Lightning,H,-3426835.76744909|4054738.08731164
"AK-GAD-000294|2013|1",2013,,AK-GAD-000294,Stove Creek,6,24,175,2013,6,20,171,0.29542078,0,0,0,0,0,0,0,0,72,0,306,0,3,Lightning,H,-3428342.24564836|4032944.89898067
"AK-GAD-000303|2013|1",2013,,AK-GAD-000303,Bear Creek,7,25,206,2013,6,20,171,83.704038182,0,0,0,0,0,0,0,0,0,0,0,0,0,Lightning,H,-3419809.54912073|3997755.58670388
"AK-GAD-000305|2013|1",2013,,AK-GAD-000305,Old Women River,7,24,192,2013,6,20,171,7.53525332,0,0,0,0,0,0,0,0,0,0,0,0,0,Lightning,H,-3425121.19262038|4009102.31932602
"AK-GAD-000306|2013|1",2013,,AK-GAD-000306,Ridge Top,6,24,175,2013,6,20,171,11.515744816,0,0,0,0,0,0,0,0,0,0,0,0,0,Lightning,H,-3421794.70097054|4002827.53679662
"AK-GAD-000309|2013|1",2013,,AK-GAD-000309,Colville,7,27,192,2013,6,20,171,4.856232,0,0,0,0,0,0,0,0,0,0,0,0,0,Lightning,H,-2984920.61973982|4272797.25160796
"AK-GAD-000311|2013|1",2013,,AK-GAD-000311,Archimedes,7,27,192,2013,6,20,171,6.07029,0,0,0,0,0,0,0,0,0,0,0,0,0,Lightning,H,-3202904.27639215|4440650.11184397
"AK-GAD-000313|2013|1",2013,,AK-GAD-000313,Kavachurak,6,27,178,2013,6,20,171,3.67454888,0,0,0,0,0,0,0,0,0,0,0,0,0,Lightning,H,-3072092.63073491|4207382.99948057
"AK-GAD-000318|2013|1",2013,,AK-GAD-000318,Awuna River 1,7,27,192,2013,6,20,171,6.07029,0,0,0,0,0,0,0,0,0,0,0,0,0,Lightning,H,-2976509.62056175|4264872.55465125
"AK-GAD-000363|2013|1",2013,,AK-GAD-000363,South Fork,7,27,192,2013,6,23,174,18.21087,0,0,0,0,0,0,0,0,0,0,0,0,0,Lightning,H,-3312527.94339128|4137488.81731806
"AK-GAD-000389|2013|1",2013,,AK-GAD-000389,Nayuka River,7,27,206,2013,6,25,176,4.1277972,0,0,0,0,0,0,0,0,0,0,0,0,0,Lightning,H,-3104252.31844649|4001894.65264174
"AK-GAD-000432|2013|1",2013,,AK-GAD-000432,Four Mile Creek,7,29,192,2013,6,26,177,2.832802,0,0,0,0,0,0,0,0,0,0,0,0,0,Lightning,H,-3282180.31170565|3881312.51733956
"AK-GAD-000439|2013|1",2013,,AK-GAD-000439,Branch Creek,7,5,186,2013,6,27,178,1.189372154,0,0,0,0,0,0,0,0,0,0,0,0,0,Lightning,H,-3268604.54145012|3962994.97880106
"AK-GAD-000451|2013|1",2013,,AK-GAD-000451,Hammer Creek,7,29,192,2013,6,27,178,17.603841,0,0,0,0,0,0,0,0,0,0,0,0,0,Lightning,H,-3352805.50488989|3914941.75971033
"AK-GAD-000464|2013|1",2013,,AK-GAD-000464,Innoko 1,7,29,192,2013,6,28,179,6.240662806,0,0,0,0,0,0,0,0,0,0,0,0,0,Lightning,H,-3338497.51613165|3901201.42268811
"AK-GAD-000540|2013|1",2013,,AK-GAD-000540,Main Creek,8,28,240,2013,7,13,194,5.130609108,0,0,0,0,0,0,0,0,0,0,0,0,0,Lightning,H,-3195835.02507028|3930752.50352047
"AK-MID-000109|2013|1",2013,,AK-MID-000109,Moose Creek,6,31,153,2013,5,29,149,0.016996812,86520,0,0,0,0,0,0,0,51,0,115,0,4,Human,H,-2769659.08902536|3664272.36513638
"AK-MID-000117|2013|1",2013,,AK-MID-000117,Mississippi,11,31,306,2013,5,30,150,274.01693746,1.5e+07,0,0,126,0,0,0,0,506,0,5300,0,10,Human,H,-2758987.15326055|3570478.93739123
"AK-MID-000280|2013|1",2013,,AK-MID-000280,Stuart Creek #2,8,31,235,2013,6,19,170,3456.7266405,2.5e+07,0,3,750,0,0,12,0,796,0,21759,0,11,Human,H,-2744220.92496333|3649690.85346024
"AK-MSS-301129|2013|1",2013,,AK-MSS-301129,Point MacKenzie,6,31,156,2013,5,30,150,0.1821087,249863,0,1,3,0,0,0,0,44,0,178,0,1,Human,H,-3083760.49293315|3487289.73603207
"AK-MSS-301207|2013|1",2013,,AK-MSS-301207,Nakochna River,6,12,163,2013,6,10,161,0.3035145,88148,0,0,0,0,0,0,0,20,0,42,0,2,Lightning,H,-3142986.49435709|3616045.53039665
"AK-MSS-301417|2013|1",2013,,AK-MSS-301417,Wantana,6,30,181,2013,6,26,177,0.15782754,150000,0,0,0,0,0,0,0,21,0,63,0,2,Lightning,H,-2930772.19533498|3553904.29562765
"AK-SWS-304|2013|1",2013,,AK-SWS-304,Moose Creek,6,22,173,2013,6,22,173,0.0202343,0,0,0,0,0,0,0,0,8,0,8,0,1,Lightning,H,-3383372.64029116|3744229.91063211
"AK-SWS-304123|2013|1",2013,,AK-SWS-304123,Doestock Creek,6,28,179,2013,5,30,150,117.75957914,11011,0,0,0,0,0,0,0,0,0,0,0,0,Lightning,H,-3537105.16541574|3788057.40798055
"AK-SWS-304131|2013|1",2013,,AK-SWS-304131,George River,6,20,171,2013,5,30,150,2.3674131,3185,0,0,0,0,0,0,0,0,0,0,0,0,Lightning,H,-3385786.63522058|3804074.97172948
"AK-SWS-304135|2013|1",2013,,AK-SWS-304135,fISH 2,6,24,175,2013,5,31,151,44.51546,17205,0,0,0,0,0,0,0,0,0,0,0,0,Lightning,H,-3622566.9252662|3844443.27744613
"AK-SWS-304139|2013|1",2013,,AK-SWS-304139,Takotna River,6,23,174,2013,5,31,151,8.19084464,4326,0,0,0,0,0,0,0,0,0,0,0,0,Lightning,H,-3353929.93661523|3813801.71528878
"AK-SWS-304140|2013|1",2013,,AK-SWS-304140,Moore Creek,8,30,241,2013,6,2,153,648.9342353,370000,0,0,9,0,0,15,0,25,0,171,0,2,Lightning,H,-3311298.08713272|3775503.36338024
"AK-SWS-304143|2013|1",2013,,AK-SWS-304143,Gold Mine,6,24,175,2013,5,31,151,2.630459,388482,0,0,0,0,0,0,0,48,0,312,0,2,Lightning,H,-3323166.82278251|3837851.94898488
"AK-SWS-304144|2013|1",2013,,AK-SWS-304144,Lime Hills,8,30,241,2013,5,31,151,1073.94356622,2900000,0,0,30,0,0,0,0,86,0,1142,0,3,Lightning,H,-3367173.61460112|3685524.23834885
"AK-SWS-304157|2013|1",2013,,AK-SWS-304157,Julie Creek,6,24,175,2013,6,1,152,2.8530363,202725,0,0,0,0,0,0,0,32,0,102,0,1,Lightning,H,-3424831.14108001|3861451.17989748
"AK-SWS-304275|2013|1",2013,,AK-SWS-304275,Kristin Creek,7,30,204,2013,6,18,169,81.07479324,177619,0,0,2,0,0,0,0,12,0,60,0,2,Lightning,H,-3316960.00445915|3599483.38592805
"AK-SWS-304287|2013|1",2013,,AK-SWS-304287,Jungjuk,6,24,175,2013,6,19,170,0.03237488,49370,0,0,0,0,0,0,0,0,0,0,0,0,Lightning,H,-3470331.49358261|3802134.22235263
"AK-SWS-304288|2013|1",2013,,AK-SWS-304288,Qguohaydok,6,28,179,2013,6,19,170,0.3642174,877424,0,0,1,0,0,0,0,59,0,377,0,3,Lightning,H,-3471987.25544178|3805364.42135671
"AK-SWS-304289|2013|1",2013,,AK-SWS-304289,Village Creek,6,30,181,2013,6,19,170,0.5260918,656991,0,0,0,0,0,0,0,50,0,272,0,3,Lightning,H,-3473242.09709746|3807119.69385912
"AK-SWS-304361|2013|1",2013,,AK-SWS-304361,Moose Creek,6,29,180,2013,6,22,173,0.07689034,169768,0,0,0,0,0,0,0,22,0,125,0,1,Lightning,H,-3383372.64029116|3744229.91063211
"AK-SWS-304379|2013|1",2013,,AK-SWS-304379,Von Frank,7,28,199,2013,6,24,175,1.61065028,6800,0,0,0,0,0,0,0,0,0,0,0,0,Lightning,H,-3185802.236129|3802928.03803437
"AK-SWS-304437|2013|1",2013,,AK-SWS-304437,Currant Creek,8,30,240,2013,6,27,178,688.10379324,2e+05,0,0,0,0,0,0,0,0,0,0,0,0,Lightning,H,-3347060.00722452|3527335.36418403
"AK-SWS-304443|2013|1",2013,,AK-SWS-304443,Hoholitna,7,30,204,2013,6,26,177,66.553040816,751682,0,0,3,0,0,9,0,37,0,138,0,3,Lightning,H,-3425400.31198364|3728338.57650085
"AK-SWS-304591|2013|1",2013,,AK-SWS-304591,Can Creek,8,31,240,2013,7,28,209,27.029382626,730205,0,0,28,0,0,0,0,43,0,298,0,2,Lightning,H,-3354898.43507873|3655483.27118771
"AK-SWS-304596|2013|1",2013,,AK-SWS-304596,Whitefish Lake,8,29,241,2013,7,28,209,17.81023086,6266,0,0,0,0,0,0,0,0,0,0,0,0,Lightning,H,-3359896.87155502|3622988.06300373
"AK-SWS-304597|2013|1",2013,,AK-SWS-304597,Mulchatna River,8,15,227,2013,7,28,209,0.7891377,5968,0,0,0,0,0,0,0,0,0,0,0,0,Lightning,H,-3379873.33731806|3606623.98638392
"AK-SWS-304599|2013|1",2013,,AK-SWS-304599,Nuyakuk River,8,15,227,2013,7,28,209,7.86304898,7000,0,0,0,0,0,0,0,0,0,0,0,0,Lightning,H,-3546754.92690115|3638471.19522005
"AK-SWS-304617|2013|1",2013,,AK-SWS-304617,Gagaryah 2,8,15,227,2013,7,30,211,19.15378838,3231,0,0,0,0,0,0,0,0,0,0,0,0,Lightning,H,-3339417.82614632|3687886.05078648
"AK-TAD-000149|2013|1",2013,,AK-TAD-000149,North Swift Fork,6,11,162,2013,6,1,152,3.214825584,5441.4,0,0,0,0,0,0,0,0,0,0,0,0,Lightning,H,-3108545.64038983|3688874.84570057
"AK-TAD-000308|2013|1",2013,,AK-TAD-000308,Big Salt,7,27,207,2013,6,20,171,15.476002012,5000,0,0,0,0,0,0,0,0,0,0,0,0,Lightning,H,-2898932.28092176|3868262.69954586
"AK-TAD-000315|2013|1",2013,,AK-TAD-000315,Ray River 2,8,28,240,2013,6,20,171,88.414987908,2500,0,0,0,0,0,0,0,0,0,0,0,0,Lightning,H,-2885904.53766906|3886832.42316018
"AK-TAD-000319|2013|1",2013,,AK-TAD-000319,Kanuti River 1,7,27,208,2013,6,24,175,7.379044524,1000,0,0,0,0,0,0,0,0,0,0,0,0,Lightning,H,-2879053.52026887|3910772.04199686
"AK-TAD-000328|2013|1",2013,,AK-TAD-000328,Timber Creek,8,28,240,2013,6,20,171,13.2534665,19186,0,0,0,0,0,0,0,0,0,0,0,0,Lightning,H,-2874708.17822195|4000757.67815628
"AK-TAD-000332|2013|1",2013,,AK-TAD-000332,Prospect Creek,9,28,246,2013,6,20,171,259.31671851,98377,0,0,0,0,0,0,0,2,0,4,0,1,Lightning,H,-2856166.63783594|3945364.92523815
"AK-TAD-000342|2013|1",2013,,AK-TAD-000342,Sulatna River,8,28,240,2013,6,21,172,192.58197368,7000,0,0,0,0,0,0,0,0,0,0,0,0,Lightning,H,-3139716.39504254|3882812.51767003
"AK-TAD-000348|2013|1",2013,,AK-TAD-000348,Siruk Creek,7,27,208,2013,6,21,172,82.40621018,1500,0,0,0,0,0,0,0,0,0,0,0,0,Lightning,H,-2982729.46734141|4023767.45054894
"AK-TAD-000350|2013|1",2013,,AK-TAD-000350,Bear Creek,8,28,240,2013,6,21,172,17.6847782,6000,0,0,0,0,0,0,0,0,0,0,0,0,Lightning,H,-3020529.57440082|3715210.34246054
"AK-TAD-000359|2013|1",2013,,AK-TAD-000359,Moving River,9,30,246,2013,6,22,173,143.28717202,763000,0,0,0,0,0,0,0,4,0,12,0,2,Lightning,H,-3022382.11329782|3735225.9151826
"AK-TAD-000360|2013|1",2013,,AK-TAD-000360,Beaver Log Lakes,8,30,240,2013,6,22,173,261.01842314,1847258,0,0,30,0,0,12,0,146,0,1859,0,4,Lightning,H,-3056320.54794431|3771231.50566777
"AK-TAD-000376|2013|1",2013,,AK-TAD-000376,Dead Fish Lake,8,30,240,2013,6,24,175,24.71417402,3500,0,0,1,0,0,0,0,0,0,0,0,0,Lightning,H,-3023084.47512351|3757167.60233681
"AK-TAD-000394|2013|1",2013,,AK-TAD-000394,Sandless Lake,9,28,246,2013,6,25,176,252.19222148,10000,0,0,0,0,0,0,0,0,0,0,0,0,Lightning,H,-2982636.74501624|3718379.72740133
"AK-TAD-000429|2013|1",2013,,AK-TAD-000429,Toklat River East,8,28,240,2013,6,26,177,134.67545394,125769,0,0,0,0,0,0,0,4,0,4,0,1,Lightning,H,-2974039.02196701|3680172.3981608
"AK-TAD-000430|2013|1",2013,,AK-TAD-000430,Wigand Creek,7,26,207,2013,6,26,177,4.81981026,2000,0,0,0,0,0,0,0,0,0,0,0,0,Lightning,H,-2968920.34761825|3691767.94069626
"AK-TAD-000454|2013|1",2013,,AK-TAD-000454,Titna,7,27,208,2013,6,27,178,19.96720724,2500,0,0,0,0,0,0,0,0,0,0,0,0,Lightning,H,-3081425.84531739|3819717.57153248
"AK-TAD-000466|2013|1",2013,,AK-TAD-000466,McKinley River East,10,28,294,2013,6,28,179,17.974533376,3000,0,0,0,0,0,0,0,0,0,0,0,0,Lightning,H,-3039415.31324631|3707672.91981847
"AK-TAD-000518|2013|1",2013,,AK-TAD-000518,Castle Rock,9,28,246,2013,7,6,187,49.8775495,5000,0,0,0,0,0,0,0,0,0,0,0,0,Lightning,H,-3080502.82091188|3724604.39353509
"AK-TAD-000538|2013|1",2013,,AK-TAD-000538,West Fork,8,28,240,2013,7,13,194,9.307778,72034,0,0,0,0,0,0,0,8,0,16,0,1,Lightning,H,-3072963.96269866|3941930.96870644
"AK-TAD-000654|2013|1",2013,,AK-TAD-000654,Chitanana,9,28,246,2013,8,3,215,12.4440945,5000,0,0,0,0,0,0,0,0,0,0,0,0,Lightning,H,-3034788.5292352|3827971.00405846
"AK-TAD-00377|2013|1",2013,,AK-TAD-00377,Little Mud,9,28,246,2013,6,24,175,122.819368198,50068,0,0,1,0,0,0,0,4,0,8,0,2,Lightning,H,-3118003.05537461|3880797.68650047
"AK-TAS-313137|2013|1",2013,,AK-TAS-313137,Bitter Creek,6,31,162,2013,5,31,151,9.307778,2e+06,0,0,9,0,0,0,0,173,0,1904,0,6,Lightning,H,-2586818.18211871|3397128.85930507
"AK-TAS-313145|2013|1",2013,,AK-TAS-313145,Chisana River,10,29,296,2013,5,31,151,190.20242,2250000,0,0,0,0,0,0,0,29,0,218,0,5,Lightning,H,-2543643.44699113|3410803.24199128
"AK-TAS-313357|2013|1",2013,,AK-TAS-313357,Billy Creek,9,29,269,2013,6,22,173,54.15912738,10000,0,0,0,0,0,0,0,0,0,0,0,0,Lightning,H,-2646743.12932224|3502671.15961261
"AK-TAS-313401|2013|1",2013,,AK-TAS-313401,Moon Lake,9,31,269,2013,6,25,176,105.69184262,7125494,0,0,0,0,0,1,0,390,0,8844,0,10,Lightning,H,-2664776.75849017|3466537.45329197
"AK-TAS-313414|2013|1",2013,,AK-TAS-313414,Tetlin Jct. Ridge,10,31,295,2013,6,25,176,103.19493,30938737,0,0,0,0,0,0,0,274,0,3482,0,9,Lightning,H,-2606848.75388534|3419756.79895007
"AK-TAS-313449|2013|1",2013,,AK-TAS-313449,Big Timber Creek,9,29,269,2013,6,27,178,34.87179262,50000,0,0,0,0,0,0,0,0,0,0,0,0,Lightning,H,-2546929.1943565|3439912.73108237
"AK-TAS-313486|2013|1",2013,,AK-TAS-313486,Ladue Fork,9,29,269,2013,6,25,176,34.87179262,20000,0,0,0,0,0,0,0,0,0,0,0,0,Lightning,H,-2553955.7695071|3404802.69579984
"AK-UYD-000197|2013|1",2013,,AK-UYD-000197,Beaver Meadow,6,12,163,2013,6,8,159,0.114121452,405000,0,0,8,0,0,0,0,35,0,154,0,1,Human,H,-2593670.69865794|3760814.2841479
"AK-UYD-000245|2013|1",2013,,AK-UYD-000245,North Fork Chandalar,6,20,171,2013,6,16,167,0.1416401,491073,0,0,0,0,0,0,0,35,0,136,0,1,Human,H,-2630430.8187032|3825576.20299444
"AK-UYD-000280|2013|1",2013,,AK-UYD-000280,Stuart Creek #2,6,26,177,2013,6,25,176,1.618744,5e+05,0,0,0,0,0,0,0,8,0,10,0,2,Human,H,-2744220.92496333|3649690.85346024
"AK-UYD-000299|2013|1",2013,,AK-UYD-000299,Otter Creek,7,30,211,2013,6,20,171,0.6474976,310000,0,0,0,0,0,0,0,24,0,67,0,1,Lightning,H,-2604612.06571632|3858583.1081074
"AK-UYD-000302|2013|1",2013,,AK-UYD-000302,Timber Creek,7,27,192,2013,6,20,171,0.433823392,132284,0,0,0,0,0,0,0,19,0,38,0,1,Lightning,H,-2575184.62074183|3839910.3585503
"AK-UYD-000310|2013|1",2013,,AK-UYD-000310,Nation River,8,28,240,2013,6,20,171,52.60918,20000,0,0,0,0,0,0,0,0,0,0,0,0,Lightning,H,-2467729.83697913|3570664.59669145
"AK-UYD-000370|2013|1",2013,,AK-UYD-000370,Chandalar,8,28,240,2013,6,23,174,62.840856138,20000,0,0,0,0,0,0,0,0,0,0,0,0,Lightning,H,-2677276.55564883|3857389.14614435
"AK-UYD-000378|2013|1",2013,,AK-UYD-000378,Three Lakes,7,27,194,2013,6,24,175,0.01214058,93125,0,0,0,0,0,0,0,11,0,43,0,2,Lightning,H,-2640295.47473442|3747840.36151826
"AK-UYD-000462|2013|1",2013,,AK-UYD-000462,Shoulder Mountain,7,28,205,2013,6,28,179,1.011715,90000,0,0,0,0,0,0,0,0,0,0,0,0,Lightning,H,-2462065.44000338|3817631.15725625
"AK-UYD-000469|2013|1",2013,,AK-UYD-000469,North Porcupine,8,30,240,2013,6,29,180,95.36830276,5e+05,0,0,17,0,0,0,0,26,0,80,0,2,Lightning,H,-2420985.07295308|3728329.03815096
"AK-UYD-000475|2013|1",2013,,AK-UYD-000475,Joint Lake,8,25,232,2013,6,29,180,17.6847782,228541,0,0,0,0,0,0,0,48,0,351,0,3,Lightning,H,-2572081.64371525|3814494.63191853
"AK-UYD-000495|2013|1",2013,,AK-UYD-000495,DISCOVERY CREEK,8,28,240,2013,7,1,182,54.526582268,105603,0,0,0,0,0,0,0,4,0,4,0,1,Lightning,H,-2647373.38159867|3728292.50541438
"AK-UYD-000498|2013|1",2013,,AK-UYD-000498,Bull Creek #2,7,24,205,2013,7,2,183,2.52524064,10500,0,0,0,0,0,0,0,0,0,0,0,0,Lightning,H,-2436371.0191489|3611253.9758728
"AK-UYD-000506|2013|1",2013,,AK-UYD-000506,Birch Creek,8,25,234,2013,7,3,184,107.21750884,2400000,0,0,60,0,0,12,0,233,0,2906,0,7,Lightning,H,-2562129.02850323|3722730.77929802
"AK-UYD-000550|2013|1",2013,,AK-UYD-000550,Koness,7,24,205,2013,7,15,196,5.755848978,2000,0,0,0,0,0,0,0,0,0,0,0,0,Lightning,H,-2484464.07969741|3841842.67839062
"AK-UYD-000551|2013|1",2013,,AK-UYD-000551,Big Fish Lake,7,24,205,2013,7,15,196,4.307477784,23611,0,0,0,0,0,0,0,0,0,0,0,0,Lightning,H,-2481320.47546996|3840100.89777051
"AK-UYD-000588|2013|1",2013,,AK-UYD-000588,Twin Lakes,8,31,218,2013,7,27,208,0.20638986,379988,0,0,0,0,0,0,0,42,0,230,0,1,Lightning,H,-2712665.36544619|3792431.20291608
"AK-UYD-000652|2013|1",2013,,AK-UYD-000652,Beaverdam Lake,8,10,222,2013,8,3,215,0.07284348,129877,0,0,0,0,0,0,0,22,0,154,0,1,Lightning,H,-2735672.67133773|3803030.21302472
"AK-UYD-000661|2013|1",2013,,AK-UYD-000661,Crater Creek,8,18,230,2013,8,4,216,6.61256924,1790216,0,0,0,0,0,0,0,121,0,1222,0,3,Human,H,-2655600.60798272|3853504.06693861
"AK-UYD-326|2013|1",2013,,AK-UYD-326,Marten Creek,7,27,192,2013,6,20,171,3.04323872,523000,0,0,0,0,0,0,0,41,0,159,0,1,Lightning,H,-2581187.22402058|3837508.05620289
"AL-ALS-0001|2002|1",2002,AL,AL-ALS-0001,YTD mid-june,6,25,176,2002,6,25,176,0,0,0,23,829,0,0,0,0,0,0,0,0,0,Human,NF,10407017.3121425|1788439.90598378
"AL-ALS-0002|2002|1",2002,AL,AL-ALS-0002,SUM July,8,1,213,2002,6,15,166,0,0,0,1,13,0,0,0,0,0,0,0,0,0,Human,NF,10407017.3121425|1788439.90598378
"AL-ALS-05YTD919|2005|1",2005,AL,AL-ALS-05YTD919,Year to date,9,19,262,2005,9,19,262,0,0,0,16,725,15,0,0,0,0,0,0,0,0,Unk,L,10407017.3121425|1788439.90598378
"AL-ALS-061215|2006|1",2006,AL,AL-ALS-061215,End of Year,12,13,347,2006,12,13,347,0.404686,0,0,18,900,10,0,0,0,0,0,0,0,0,Human,L,10407017.3121425|1788439.90598378
"AL-ALS-2003-03|2003|1",2003,AL,AL-ALS-2003-03,May/June/July,10,2,275,2003,10,2,275,0,0,0,1,0,6,0,0,0,0,0,0,0,0,Unk,L,10407017.3121425|1788439.90598378
"AR-BUP-000601|2006|1",2006,AR,AR-BUP-000601,AR Park Group Severity,1,19,19,2005,11,10,314,10.72822586,316000,0,0,0,0,0,0,0,46,0,213,0,3,Unk,L,10407017.3121425|1788439.90598378
"AZ-CNF-000430|2013|1",2013,,AZ-CNF-000430,W2,7,30,190,2013,6,28,179,3.035145,130000,0,0,0,0,0,0,0,133,0,390,0,3,Unk,H,-1389942.27801024|-581398.788053319
"BTU 13309|2002|1",2002,CA,BTU 13309,RIDGE,11,7,311,2002,11,6,310,0.0404686,0,0,1,10,0,0,0,0,109,0,109,0,4,Unk,,10407017.3121425|1788439.90598378
"CA-BDC-14267|2002|1",2002,CA,CA-BDC-14267,HELENDALE,5,11,131,2002,5,9,129,0.1618744,0,0,0,0,0,0,0,0,101,0,101,0,4,Unk,,10407017.3121425|1788439.90598378
"CA-BDC-21652|2001|1",2001,CA,CA-BDC-21652,Cypress,7,18,199,2001,7,18,199,0.202343,0,0,0,0,0,0,0,0,100,0,100,0,3,Unk,,10407017.3121425|1788439.90598378
"CA-BDC-3906|2003|1",2003,CA,CA-BDC-3906,Jordan,2,7,38,2003,2,4,35,0.0202343,0,0,0,0,0,0,0,0,34,9,49,18,3,Unk,,10407017.3121425|1788439.90598378
"CA-BDC-48105|2006|1",2006,CA,CA-BDC-48105,Citrus,12,30,364,2006,12,4,338,2.1246015,0,0,0,500,0,0,100,0,160,0,320,0,4,Unk,,10407017.3121425|1788439.90598378
"CA-BDU-006942|2006|1",2006,CA,CA-BDU-006942,MESA,7,5,186,2006,7,4,185,0.202343,0,0,0,0,0,0,0,0,0,3,0,4,0,Unk,,10407017.3121425|1788439.90598378
"CA-BDU-010450|2005|1",2005,CA,CA-BDU-010450,HATCHERY,9,30,273,2005,9,28,271,1.011715,117000,0,0,0,0,0,0,0,214,0,284,0,3,Unk,,10407017.3121425|1788439.90598378
"CA-BDU-4544|2003|1",2003,CA,CA-BDU-4544,COTTONWOOD,5,20,140,2003,5,18,138,0.00404686,0,0,0,0,0,0,0,0,0,0,0,0,0,Unk,,10407017.3121425|1788439.90598378
"CA-BTU-007587|2008|1",2008,CA,CA-BTU-007587,BTU Lightning Support,6,23,175,2008,6,21,173,4.856232,0,0,0,200,0,0,0,0,168,2,352,4,4,Lightning,M,10407017.3121425|1788439.90598378
"ca-cdf-009|2001|1",2001,CA,ca-cdf-009,,7,18,199,2001,7,18,199,0,0,0,0,0,0,0,0,0,0,0,0,0,0,Lightning,NF,10407017.3121425|1788439.90598378
"CA-CZU-6430|2001|1",2001,CA,CA-CZU-6430,Portola,10,19,292,2001,10,14,287,0.21853044,20000,0,0,0,0,0,0,0,150,0,276,0,1,Unk,,10407017.3121425|1788439.90598378
"CA-CZU-7213|2006|1",2006,CA,CA-CZU-7213,Huddart,9,28,271,2006,9,25,268,0.01618744,50000,0,0,0,0,0,0,0,67,0,134,0,2,Unk,,10407017.3121425|1788439.90598378
"CA-KRN-35857|2003|1",2003,CA,CA-KRN-35857,Pump,7,8,189,2003,7,7,188,3.02300442,0,0,0,0,0,0,0,0,7,0,7,0,1,Unk,,10407017.3121425|1788439.90598378
"CA-LAC-10146126|2010|1",2010,CA,CA-LAC-10146126,ECHO LAKE,7,3,184,2010,7,1,182,0.08903092,425000,0,0,0,0,0,0,0,127,0,341,0,1,Unk,NF,-2078073.90131309|-323631.029990128
"CA-LAC-102481|2007|1",2007,CA,CA-LAC-102481,ISLAND,5,15,135,2007,5,10,130,19.222585,5100000,0,1,700,0,0,100,0,771,2,5171,3,6,Unk,M,-2050915.65174325|-206909.557985057
"CA-LAC-170524|2001|1",2001,CA,CA-LAC-170524,SLOAN,8,28,240,2000,8,27,240,8.00873594,782000,0,1,100,0,0,0,0,372,0,445,0,4,Unk,,10407017.3121425|1788439.90598378
"CA-LMU-001954|2004|1",2004,CA,CA-LMU-001954,LMU LIGHTNING PLAN,7,30,186,2004,6,27,179,0.18615556,0,0,0,0,0,0,0,0,209,2,2088,17,3,Lightning,NF,10407017.3121425|1788439.90598378
"CA-LMU-002111|2003|1",2003,CA,CA-LMU-002111,LMU LIGHTNING PLAN,7,28,209,2003,7,20,201,0,0,0,0,0,0,0,0,0,554,1,1813,4,3,Lightning,NF,10407017.3121425|1788439.90598378
"CA-LMU-002213|2002|1",2002,CA,CA-LMU-002213,LIGHTNING SERIES,7,20,201,2002,7,18,199,0.0809372,250000,0,0,0,0,0,0,0,121,1,408,2,2,Lightning,NF,10407017.3121425|1788439.90598378
"CA-LMU-2417|2003|1",2003,CA,CA-LMU-2417,LIGHTNING PLAN,8,31,214,2003,7,30,211,0,0,0,0,0,0,0,0,0,518,1,815,2,4,Lightning,NF,10407017.3121425|1788439.90598378
"CA-LMU-3707|2006|1",2006,CA,CA-LMU-3707,HONEY,8,29,241,2006,8,24,236,0.83365316,1e+06,0,2,50,3,3,0,0,211,3,285,3,5,Human,NF,10407017.3121425|1788439.90598378
"CA-LNU-004149|2005|1",2005,CA,CA-LNU-004149,Markley,7,7,188,2005,7,6,187,0.404686,0,0,0,0,0,0,0,0,325,0,409,0,3,Unk,,10407017.3121425|1788439.90598378
"CA-LNU-4575|2002|1",2002,CA,CA-LNU-4575,GEYSERS,6,29,180,2002,6,28,179,0.0202343,64302,0,0,0,0,0,0,0,11,0,18,0,1,Unk,,10407017.3121425|1788439.90598378
"CA-MEU-05277|2001|1",2001,CA,CA-MEU-05277,FITCH,7,21,202,2001,7,20,201,0.02832802,0,0,3,10,0,0,0,0,121,0,121,0,2,Unk,,10407017.3121425|1788439.90598378
"CA-MEU-6258|2001|1",2001,CA,CA-MEU-6258,Medicine,8,20,232,2001,8,19,231,0.27923334,0,0,2,0,0,0,0,0,0,0,0,0,0,Unk,,10407017.3121425|1788439.90598378
"CA-MMU-008057|2003|1",2003,CA,CA-MMU-008057,AVE 7,5,20,140,2003,5,19,139,0.5058575,0,0,0,0,0,0,0,0,70,0,70,0,2,Unk,,10407017.3121425|1788439.90598378
"CA-MMU-9021|2003|1",2003,CA,CA-MMU-9021,MC NAMERA,6,2,153,2003,6,2,153,2.630459,15000,0,1,0,0,0,1,0,23,0,23,0,2,Unk,,8415172.86711975|1271220.22728067
"CA-MRN-2428|2008|1",2008,CA,CA-MRN-2428,ANGEL,10,16,290,2008,10,12,286,1.618744,850000,0,0,0,0,0,15,0,333,1,1334,3,4,Unk,H,-2273886.55149567|360310.543943122
"CA-MSM-000001|2005|1",2005,CA,CA-MSM-000001,SHOTHOLE,8,17,229,2005,8,17,229,1.416401,0,0,0,0,0,0,0,0,81,0,81,0,2,Unk,,10407017.3121425|1788439.90598378
"CA-MVU-00000|2003|1",2003,CA,CA-MVU-00000,,9,19,262,2003,9,19,262,0,0,0,0,0,0,0,0,0,0,0,0,0,0,Unk,,10407017.3121425|1788439.90598378
"CA-MVU-01316|2002|1",2002,CA,CA-MVU-01316,SUTHERLAND,2,25,56,2002,2,21,52,0.00809372,0,0,0,0,0,0,0,0,108,0,108,0,3,Unk,,10407017.3121425|1788439.90598378
"CA-MVU-4134|2003|1",2003,CA,CA-MVU-4134,SYCAMORE,6,20,171,2003,6,17,168,2.1043672,374000,0,0,0,0,0,0,0,375,2,961,5,4,Human,NF,10407017.3121425|1788439.90598378
"CA-MVU-5394|2006|1",2006,CA,CA-MVU-5394,Baja California-Mexico,6,24,175,2006,6,24,175,16.18744,0,0,0,0,0,0,0,0,408,0,2794,0,2,Unk,,-1829567.19579532|-554561.625037883
"CA-MVU-5902|2003|1",2003,CA,CA-MVU-5902,OTAY,8,14,226,2003,8,13,225,0.43301402,0,0,0,0,0,0,0,0,138,1,264,1,4,Unk,,10407017.3121425|1788439.90598378
"CA-NEU 19733|2001|1",2001,CA,CA-NEU 19733,Farad,11,13,317,2001,11,10,314,0.607029,40000,0,0,0,0,0,0,0,100,0,100,0,2,Unk,,10407017.3121425|1788439.90598378
"CA-RRU-020299|2002|1",2002,CA,CA-RRU-020299,CAJALCO,3,19,78,2002,3,17,76,2.3269445,0,0,0,0,0,0,0,0,75,0,150,0,4,Unk,,10407017.3121425|1788439.90598378
"CA-RRU-051300|2003|1",2003,CA,CA-RRU-051300,Mine,7,6,187,2003,7,5,186,0.46134204,0,0,0,4,0,0,0,0,130,2,130,2,2,Unk,,10407017.3121425|1788439.90598378
"CA-RRU-067256|2001|1",2001,CA,CA-RRU-067256,Greenriver,9,30,273,2001,9,27,270,0.3035145,0,0,0,30,0,0,0,0,345,2,345,2,3,Unk,,10407017.3121425|1788439.90598378
"CA-RRU-33134|2005|1",2005,CA,CA-RRU-33134,Knoll,4,20,110,2005,4,19,109,0.1618744,0,0,0,15,0,0,0,0,200,0,306,0,2,Unk,,10407017.3121425|1788439.90598378
"CA-RRU-47513|2005|1",2005,CA,CA-RRU-47513,WHITEWATER,6,7,158,2005,6,7,158,0.04451546,0,0,0,0,0,0,0,0,23,0,23,0,3,Unk,,10407017.3121425|1788439.90598378
"CA-RRU-55729|2002|1",2002,CA,CA-RRU-55729,HIGHWAY,7,30,211,2002,7,29,210,0.0404686,0,0,0,15,0,0,0,0,83,0,83,0,2,Unk,,10407017.3121425|1788439.90598378
"CA-RRU-55745|2002|1",2002,CA,CA-RRU-55745,MONROE,7,31,212,2002,7,29,210,0.00404686,0,0,0,0,0,0,0,0,9,0,9,0,1,Unk,,10407017.3121425|1788439.90598378
"CA-RRU-55755|2002|1",2002,CA,CA-RRU-55755,POLK,7,31,212,2002,7,29,210,0.00404686,0,0,0,0,0,0,0,0,20,0,20,0,2,Unk,,10407017.3121425|1788439.90598378
"CA-RRU-57787|2001|1",2001,CA,CA-RRU-57787,SHADY,8,20,232,2001,8,20,232,0.1416401,0,0,0,15,0,0,0,0,49,0,49,0,2,Unk,,10407017.3121425|1788439.90598378
"CA-RRU-75444|2003|1",2003,CA,CA-RRU-75444,HOLLAND,9,30,273,2003,9,30,273,0.42896716,0,0,0,0,0,0,0,0,0,0,0,0,0,Unk,,10407017.3121425|1788439.90598378
"CA-SBC-5761|2003|1",2003,CA,CA-SBC-5761,CEBADA,8,23,235,2003,8,23,235,0.04451546,0,0,0,0,0,0,0,0,105,1,213,2,5,Unk,,10407017.3121425|1788439.90598378
"CA-SCU-0003241|2002|1",2002,CA,CA-SCU-0003241,Casa Loma,8,10,222,2002,8,8,220,0.11331208,190000,0,1,16,0,0,0,0,185,0,185,0,3,Unk,,10407017.3121425|1788439.90598378
"CA-SCU-001791|2003|1",2003,CA,CA-SCU-001791,BIRD,6,3,154,2003,6,1,152,27.53483544,48000,0,0,0,0,0,0,0,54,0,57,0,1,Unk,,10407017.3121425|1788439.90598378
"CA-SCU-003485|2004|1",2004,CA,CA-SCU-003485,FREEWAY,6,28,180,2004,6,25,177,1.11693336,0,0,3,0,3,0,0,0,114,2,262,6,2,Unk,,10407017.3121425|1788439.90598378
"CA-SCU-003508|2002|1",2002,CA,CA-SCU-003508,Chabot,8,21,233,2002,8,20,232,0.1416401,0,0,0,0,0,0,0,0,180,0,235,0,3,Unk,,10407017.3121425|1788439.90598378
"CA-SCU-03376|2001|1",2001,CA,CA-SCU-03376,Del Valle,8,11,223,2001,8,8,220,0.4653889,721349,0,0,0,0,0,0,0,460,0,536,0,2,Unk,,10407017.3121425|1788439.90598378
"CA-SCU-2264|2003|1",2003,CA,CA-SCU-2264,MORGAN,7,27,182,2003,6,27,178,0.7082005,0,0,0,25,0,0,0,0,199,0,289,0,2,Unk,,10407017.3121425|1788439.90598378
"CA-SCU-3081|2004|1",2004,CA,CA-SCU-3081,Nortonville,6,16,168,2004,6,4,156,0.7284348,0,0,0,0,0,0,0,0,95,0,190,0,2,Unk,,10407017.3121425|1788439.90598378
"CA-SCU-3482|2001|1",2001,CA,CA-SCU-3482,LLagas,8,15,227,2001,8,13,225,0.01618744,0,0,0,0,0,0,1,0,63,0,189,0,3,Unk,,10407017.3121425|1788439.90598378
"CA-SCU-4423|2001|1",2001,CA,CA-SCU-4423,Hicks,10,3,276,2001,10,1,274,0.12949952,0,0,0,0,0,0,0,0,8,0,8,0,3,Unk,,10407017.3121425|1788439.90598378
"CA-SCU-4429|2001|1",2001,CA,CA-SCU-4429,San Ignacio,10,3,276,2001,10,1,274,0.2428116,0,0,0,0,0,0,0,0,67,0,67,0,2,Unk,,10407017.3121425|1788439.90598378
"CA-SKU-002088|2005|1",2005,CA,CA-SKU-002088,SKU Lightning Series,5,29,149,2005,5,28,148,0.0404686,31900,0,0,0,0,0,0,0,92,0,168,0,2,Lightning,NF,10407017.3121425|1788439.90598378
"CA-SKU-002538|2004|1",2004,CA,CA-SKU-002538,LIGHTNING,7,30,187,2004,6,28,180,0.8498406,458000,0,0,0,0,0,0,0,192,0,788,0,1,Lightning,NF,10407017.3121425|1788439.90598378
"CA-SKU-002865|2006|1",2006,CA,CA-SKU-002865,June SKU Lightning,7,30,184,2006,6,26,177,0.19424928,362847,0,0,0,0,0,0,0,152,0,1067,0,3,Lightning,NF,10407017.3121425|1788439.90598378
"CA-SKU-003072|2003|1",2003,CA,CA-SKU-003072,Lightning Cover,7,28,209,2003,7,23,204,0.11331208,672115,0,0,0,0,0,0,0,148,1,1049,4,2,Lightning,NF,10407017.3121425|1788439.90598378
"CA-SKU-003390|2005|1",2005,CA,CA-SKU-003390,SKU Lightning Cover,8,31,215,2005,7,29,210,0.1618744,539000,0,0,0,0,0,0,0,312,0,1038,0,2,Lightning,NF,10407017.3121425|1788439.90598378
"CA-SKU-003421|2006|1",2006,CA,CA-SKU-003421,July Lightning,7,29,210,2006,7,23,204,0.02832802,361000,0,0,0,0,0,0,0,122,0,217,0,1,Lightning,NF,10407017.3121425|1788439.90598378
"CA-SKU-003583|2006|1",2006,CA,CA-SKU-003583,HOY,8,29,213,2006,8,29,213,5.19212138,632000,0,0,0,0,0,0,0,173,0,582,0,4,Unk,,10407017.3121425|1788439.90598378
"CA-SKU-003799|2006|1",2006,CA,CA-SKU-003799,SKU August #1 Lightning,8,11,223,2006,8,6,218,0.1214058,608000,0,0,0,0,0,0,0,198,0,290,0,3,Lightning,NF,10407017.3121425|1788439.90598378
"CA-SKU-003866|2003|1",2003,CA,CA-SKU-003866,SKU LIGHTNING,9,31,245,2003,8,28,240,0.03237488,73417,0,0,0,0,0,0,0,38,1,134,2,2,Lightning,NF,10407017.3121425|1788439.90598378
"CA-SKU-003991|2003|1",2003,CA,CA-SKU-003991,SKU LIGHTNING,9,7,250,2003,9,4,247,0.01618744,36580,0,0,0,0,0,0,0,16,0,35,0,1,Lightning,NF,10407017.3121425|1788439.90598378
"CA-SLU-3367|2001|1",2001,CA,CA-SLU-3367,Deer,7,27,208,2001,7,27,208,0.1214058,0,0,0,0,0,0,0,0,144,0,144,0,3,Unk,,10407017.3121425|1788439.90598378
"CA-SMG-40807|2004|1",2004,CA,CA-SMG-40807,FURY,9,4,248,2004,9,4,248,0.3035145,0,0,0,200,0,0,0,0,240,1,244,1,3,Unk,,10407017.3121425|1788439.90598378
"CA-SND-2011003|2002|1",2002,CA,CA-SND-2011003,Sorrento Valley Fire,2,10,41,2002,2,9,40,0.42896716,0,0,0,0,0,0,0,0,0,0,0,0,3,Unk,,10407017.3121425|1788439.90598378
"CA-SND-FS06060435|2006|1",2006,CA,CA-SND-FS06060435,PARK VILLAGE,8,10,222,2006,7,6,187,0.08903092,0,0,0,0,0,0,0,0,0,0,0,0,0,Unk,,10407017.3121425|1788439.90598378
"CA-SQF-1423|2002|1",2002,CA,CA-SQF-1423,POWERHOUSE,7,7,188,2002,7,4,185,0.2428116,0,0,0,0,0,0,0,0,285,0,741,0,5,Unk,,10407017.3121425|1788439.90598378
"CA-TCU-005378|2001|1",2001,CA,CA-TCU-005378,SWISS,8,27,220,2001,7,27,208,0,0,0,0,0,0,0,0,0,0,0,0,0,0,Unk,,6991276.19576844|3932903.01980503
"CA-TCU-6616|2003|1",2003,CA,CA-TCU-6616,SEE TCU-6612,8,31,243,2003,8,31,243,0.404686,0,0,0,0,0,0,0,0,199,2,199,2,3,Unk,,10407017.3121425|1788439.90598378
"CA-TGU-004575|2003|1",2003,CA,CA-TGU-004575,CLARK,7,30,211,2003,7,28,209,0.42087344,160000,0,0,0,0,0,0,0,222,2,272,2,3,Lightning,NF,10407017.3121425|1788439.90598378
"CA-TGU-04446|2003|1",2003,CA,CA-TGU-04446,TGU LIGHTNING,7,24,205,2003,7,24,205,0.3237488,0,0,0,0,0,0,0,0,76,1,152,2,2,Lightning,NF,10407017.3121425|1788439.90598378
"CA-TUU-0005598|2002|1",2002,CA,CA-TUU-0005598,OAT,6,5,156,2002,6,5,156,0.01214058,0,0,0,0,0,0,0,0,51,0,51,0,2,Unk,,10407017.3121425|1788439.90598378
"CA-TUU-006924|2004|1",2004,CA,CA-TUU-006924,Globe,6,20,172,2004,6,19,171,0.607029,0,0,0,0,0,0,0,0,63,1,126,2,2,Unk,,10407017.3121425|1788439.90598378
"CA-VNC-0204822|2002|1",2002,CA,CA-VNC-0204822,"PACIFIC, INC.",7,4,185,2002,7,4,185,0.0809372,0,0,0,1,0,0,0,0,236,0,236,0,3,Unk,,10407017.3121425|1788439.90598378
"CO-RGF-0385|2002|1",2002,CO,CO-RGF-0385,Rio Grande Complex,6,8,159,2002,6,4,155,0.7891377,650000,0,0,4,0,0,0,0,259,0,506,0,8,Lightning,NF,10407017.3121425|1788439.90598378
"FL-FLS-2006-15-0497|2006|1",2006,FL,FL-FLS-2006-15-0497,RILEY CHASE ROAD,6,26,177,2006,6,22,173,0.51395122,800,0,0,0,0,0,0,0,5,0,10,0,1,Lightning,NF,10407017.3121425|1788439.90598378
"FL-FLS-2008-05-0051|2008|1",2008,FL,FL-FLS-2008-05-0051,LOST DOG FIRE,2,16,47,2008,2,10,41,1.011715,0,0,0,0,0,0,0,0,18,0,63,0,1,Human,NF,10407017.3121425|1788439.90598378
"FL-FLS-D18-96|2002|1",2002,FL,FL-FLS-D18-96,Crocodile Fire,4,18,108,2002,4,18,108,0.809372,0,0,0,0,0,0,0,0,7,0,7,0,1,Unk,,10407017.3121425|1788439.90598378
"FL-FLS-MISC1|2002|1",2002,FL,FL-FLS-MISC1,ABC MISC,6,18,169,2002,1,1,1,0,0,0,12,1186,0,2,35,0,0,0,0,0,0,Unk,,10407017.3121425|1788439.90598378
"GA-CHF-01116|2001|1",2001,GA,GA-CHF-01116,Chatahoochee Fire Support,11,22,326,2001,11,16,320,5.01001268,1193000,0,0,0,0,0,0,0,192,0,933,0,7,Human,NF,10407017.3121425|1788439.90598378
"GA-GAS-AUGFIRE|2002|1",2002,GA,GA-GAS-AUGFIRE,AugFires,8,31,243,2002,8,1,213,0,0,0,0,0,0,0,0,0,0,0,0,0,0,Human,NF,10407017.3121425|1788439.90598378
"GA-GAS-MISC1|2002|1",2002,GA,GA-GAS-MISC1,Apr-Jun,8,14,226,2002,4,1,91,0,0,0,18,174,0,0,0,0,0,0,0,0,0,Human,NF,10407017.3121425|1788439.90598378
"KY-DBF-02042|2001|1",2001,KY,KY-DBF-02042,Redbird Fall Fires,11,23,327,2001,10,28,301,64.21962134,7474434,0,0,300,0,0,0,0,603,2,1439,8,9,Human,NF,10407017.3121425|1788439.90598378
"MD-MDS-05-4015|2005|1",2005,MD,MD-MDS-05-4015,MDS Fire #2,6,29,180,2005,6,8,159,0.00404686,0,0,0,0,0,0,0,0,0,0,0,0,0,Unk,,10407017.3121425|1788439.90598378
"MD-MDS-05-4016|2005|1",2005,MD,MD-MDS-05-4016,MDS Fire #3,6,29,180,2005,6,8,159,0.00404686,0,0,0,0,0,0,0,0,0,0,0,0,0,Unk,,10407017.3121425|1788439.90598378
"MD-MDS-05-4017|2005|1",2005,MD,MD-MDS-05-4017,MDS Fire#4,6,29,180,2005,6,8,159,0.00404686,0,0,0,0,0,0,0,0,0,0,0,0,0,Unk,,10407017.3121425|1788439.90598378
"MD-MDS-05-4018|2005|1",2005,MD,MD-MDS-05-4018,MDS Fire #5,6,29,180,2005,6,8,159,0.00404686,0,0,0,0,0,0,0,0,0,0,0,0,0,Unk,,10407017.3121425|1788439.90598378
"MD-MDS-05-4019|2005|1",2005,MD,MD-MDS-05-4019,MDS Fire #6,6,29,180,2005,6,8,159,0.00404686,0,0,0,0,0,0,0,0,0,0,0,0,0,Unk,,10407017.3121425|1788439.90598378
"MI-HIF-003|2003|1",2003,MI,MI-HIF-003,East Lakle Fire,5,29,121,2003,4,28,118,0.0607029,3000,0,1,2,0,0,0,0,17,0,34,0,3,Unk,,10407017.3121425|1788439.90598378
"MI-MIS-001042001|2006|1",2006,MI,MI-MIS-001042001,Keystone,8,7,219,2006,8,3,215,0.42896716,0,0,0,0,0,0,0,0,0,0,0,0,0,Lightning,H,625663.894152566|1132402.86427076
"MI-MIS-004|2005|1",2005,MI,MI-MIS-004,Antrim #006,6,29,180,2005,6,7,158,0.09307778,0,0,1,0,0,0,0,0,0,0,0,0,0,Unk,,10407017.3121425|1788439.90598378
"MI-MIS-005|2005|1",2005,MI,MI-MIS-005,Arenac #006,6,29,180,2005,6,7,158,0.00404686,0,0,0,0,0,0,0,0,0,0,0,0,0,Unk,,10407017.3121425|1788439.90598378
"MI-MIS-006|2005|1",2005,MI,MI-MIS-006,Benzie #002,6,28,179,2005,6,7,158,0.0202343,0,0,0,0,0,0,0,0,0,0,0,0,0,Unk,,10407017.3121425|1788439.90598378
"MI-MIS-007|2005|1",2005,MI,MI-MIS-007,Charlevoix #003,6,28,179,2005,6,7,158,0.00809372,0,0,0,0,0,0,0,0,0,0,0,0,0,Unk,,10407017.3121425|1788439.90598378
"MI-MIS-008|2005|1",2005,MI,MI-MIS-008,Chippewa #008,6,28,179,2005,6,28,179,0.01618744,0,0,1,0,0,0,0,0,0,0,0,0,0,Unk,,10407017.3121425|1788439.90598378
"MI-MIS-009|2005|1",2005,MI,MI-MIS-009,Clare #010,6,28,179,2005,6,7,158,0.00404686,0,0,0,0,0,0,0,0,0,0,0,0,0,Unk,,10407017.3121425|1788439.90598378
"MI-MIS-010|2005|1",2005,MI,MI-MIS-010,Clare #006,6,28,179,2005,6,28,179,0.00404686,0,0,0,0,0,0,0,0,0,0,0,0,0,Unk,,10407017.3121425|1788439.90598378
"MI-MIS-011|2005|1",2005,MI,MI-MIS-011,Delta #002,6,28,179,2005,6,28,179,0.02428116,0,0,1,0,0,0,0,0,0,0,0,0,0,Unk,,10407017.3121425|1788439.90598378
"MI-MIS-012|2005|1",2005,MI,MI-MIS-012,Lake #001,6,28,179,2005,6,28,179,0.00404686,0,0,0,0,0,0,0,0,0,0,0,0,0,Unk,,10407017.3121425|1788439.90598378
"MI-MIS-013|2005|1",2005,MI,MI-MIS-013,Mackinac #001,6,28,179,2005,6,7,158,0.00404686,0,0,0,0,0,0,0,0,0,0,0,0,0,Unk,,10407017.3121425|1788439.90598378
"MI-MIS-014|2005|1",2005,MI,MI-MIS-014,Marquette #002,6,29,180,2005,6,7,158,0.00404686,0,0,0,0,0,0,0,0,0,0,0,0,0,Unk,,10407017.3121425|1788439.90598378
"MI-MIS-015|2005|1",2005,MI,MI-MIS-015,Mecosta #003,6,29,180,2005,6,7,158,0.00404686,0,0,0,0,0,0,0,0,0,0,0,0,0,Unk,,10407017.3121425|1788439.90598378
"MI-MIS-016|2005|1",2005,MI,MI-MIS-016,Menominee #009,6,29,180,2005,6,7,158,0.00404686,0,0,0,0,0,0,0,0,0,0,0,0,0,Unk,,10407017.3121425|1788439.90598378
"MI-MIS-017|2005|1",2005,MI,MI-MIS-017,Montmorency #001,6,29,180,2005,6,7,158,0.00404686,0,0,0,0,0,0,0,0,0,0,0,0,0,Unk,,10407017.3121425|1788439.90598378
"MI-MIS-018|2005|1",2005,MI,MI-MIS-018,Oceana #006,6,29,180,2005,6,7,158,0.06879662,0,0,2,0,0,0,0,0,0,0,0,0,0,Unk,,10407017.3121425|1788439.90598378
"MI-MIS-019|2005|1",2005,MI,MI-MIS-019,Osceola #005,6,29,180,2005,6,7,158,0.00809372,0,0,0,0,0,0,0,0,0,0,0,0,0,Unk,,10407017.3121425|1788439.90598378
"MI-MIS-020|2005|1",2005,MI,MI-MIS-020,Oseola #012,6,29,180,2005,6,7,158,0.02832802,0,0,0,0,0,0,0,0,0,0,0,0,0,Unk,,10407017.3121425|1788439.90598378
"MI-MIS-021|2005|1",2005,MI,MI-MIS-021,Osceola #008,6,29,180,2005,6,7,158,0.00404686,0,0,0,0,0,0,0,0,0,0,0,0,0,Unk,,10407017.3121425|1788439.90598378
"MI-MIS-022|2005|1",2005,MI,MI-MIS-022,Oscoda #001,6,29,180,2005,6,7,158,0.202343,0,0,0,0,0,0,0,0,0,0,0,0,0,Unk,,10407017.3121425|1788439.90598378
"MN-MNS-14204307|2007|1",2007,MN,MN-MNS-14204307,Molly Lake Fire,5,1,121,2007,5,1,121,0.01214058,0,0,0,0,0,0,0,0,0,0,0,0,0,Unk,,10407017.3121425|1788439.90598378
"MN-MNS-31420430|2006|1",2006,MN,MN-MNS-31420430,Lake Hubert,4,13,103,2006,4,12,102,0.00404686,0,0,2,0,0,0,0,0,0,0,0,0,0,Unk,,10407017.3121425|1788439.90598378
"MO-MOS-000066|2004|1",2004,MO,MO-MOS-000066,SKINNER,4,8,99,2004,4,8,99,0.67177876,0,0,0,3,0,0,0,0,9,0,9,0,2,Human,NF,10407017.3121425|1788439.90598378
"MS-GBR-00H|2005|1",2005,MS,MS-GBR-00H,GRAND BAY,9,24,267,2005,9,17,260,4.04686,0,0,0,0,0,0,0,0,28,0,28,0,3,Unk,,10407017.3121425|1788439.90598378
"MS-MSS-00204|2006|1",2006,MS,MS-MSS-00204,DUCAN'S FIRE,3,7,66,2006,1,19,19,0.01618744,0,0,1,0,0,0,0,0,5,0,5,0,2,Human,NF,10407017.3121425|1788439.90598378
"MS-MSS-00205|2006|1",2006,MS,MS-MSS-00205,BRUSHY CREEK FIRE,3,8,67,2006,2,9,40,0.607029,0,0,0,0,0,0,0,0,17,0,22,0,2,Human,NF,10407017.3121425|1788439.90598378
"MS-MSS-00206|2006|1",2006,MS,MS-MSS-00206,SMITH LANE FIRE,3,7,66,2006,2,14,45,0.00809372,0,0,0,0,0,0,0,0,5,0,5,0,2,Human,NF,10407017.3121425|1788439.90598378
"MS-MSS-00207|2006|1",2006,MS,MS-MSS-00207,ENTRICAN FIRE,3,7,66,2006,2,14,45,0.5058575,0,0,0,0,0,0,0,0,5,0,5,0,1,Human,NF,10407017.3121425|1788439.90598378
"MS-MSS-00208|2006|1",2006,MS,MS-MSS-00208,WOODS CREEK FIRE,3,7,66,2006,2,15,46,0.0404686,0,0,0,0,0,0,0,0,5,0,5,0,2,Human,NF,10407017.3121425|1788439.90598378
"MS-MSS-00208A|2006|1",2006,MS,MS-MSS-00208A,KINGS FIRE,3,7,66,2006,2,16,47,0.7284348,0,0,0,0,0,0,0,0,11,0,11,0,2,Human,NF,10407017.3121425|1788439.90598378
"MS-MSS-00210|2006|1",2006,MS,MS-MSS-00210,COUNTY LINE FIRE,3,7,66,2006,2,22,53,0.4653889,0,0,0,0,0,0,0,0,15,0,15,0,2,Human,NF,10407017.3121425|1788439.90598378
"MS-MSS-00211|2006|1",2006,MS,MS-MSS-00211,LOST FIRE,3,8,67,2006,2,24,55,0.66368504,0,0,0,0,0,0,0,0,3,0,3,0,1,Human,NF,10407017.3121425|1788439.90598378
"MS-MSS-00213|2006|1",2006,MS,MS-MSS-00213,PIG BRANCH FIRE,3,8,67,2006,2,26,57,1.214058,0,0,0,0,0,0,0,0,11,0,11,0,2,Human,NF,10407017.3121425|1788439.90598378
"MS-MSS-00216|2006|1",2006,MS,MS-MSS-00216,WATERFORD FIRE,3,8,67,2006,3,3,62,0.404686,0,0,0,0,0,0,0,0,19,0,19,0,2,Human,NF,10407017.3121425|1788439.90598378
"MS-MSS-00217|2006|1",2006,MS,MS-MSS-00217,DUPREE FIRE,3,8,67,2006,3,3,62,0.607029,0,0,0,0,0,0,0,0,9,0,9,0,2,Human,NF,10407017.3121425|1788439.90598378
"MS-MSS-00218|2006|1",2006,MS,MS-MSS-00218,CEASAR FIRE,3,8,67,2006,3,3,62,1.011715,0,0,0,0,1,0,0,0,13,0,13,0,2,Human,NF,10407017.3121425|1788439.90598378
"MS-MSS-00224|2006|1",2006,MS,MS-MSS-00224,SANDY CREEK FIRE,3,8,67,2006,3,4,63,2.02343,0,0,0,0,0,0,0,0,13,0,13,0,2,Human,NF,10407017.3121425|1788439.90598378
"MS-MSS-00225|2006|1",2006,MS,MS-MSS-00225,ANNER FIRE,3,8,67,2006,3,4,63,1.0724179,0,0,0,0,0,0,0,0,15,0,15,0,2,Human,NF,10407017.3121425|1788439.90598378
"MS-MSS-00226|2006|1",2006,MS,MS-MSS-00226,BLACK CREEK FIRE,3,8,67,2006,3,4,63,0.8903092,0,0,0,0,0,0,0,0,11,0,11,0,2,Human,NF,10407017.3121425|1788439.90598378
"MS-MSS-00227|2006|1",2006,MS,MS-MSS-00227,HICKMAN FIRE,3,8,67,2006,3,4,63,0.5058575,0,0,0,0,0,0,0,0,3,0,3,0,1,Human,NF,10407017.3121425|1788439.90598378
"MS-MSS-00229|2006|1",2006,MS,MS-MSS-00229,CENTER RIDGE,3,8,67,2006,3,4,63,0.7284348,0,0,0,0,0,0,0,0,9,0,9,0,2,Human,NF,10407017.3121425|1788439.90598378
"MS-MSS-00230|2006|1",2006,MS,MS-MSS-00230,ELLZEY FIRE,3,8,67,2006,3,5,64,0.1214058,0,0,0,2,0,0,0,0,7,0,7,0,2,Human,NF,10407017.3121425|1788439.90598378
"MS-MSS-00231|2006|1",2006,MS,MS-MSS-00231,SISTRUNK FIRE,3,8,67,2006,3,5,64,1.4568696,0,0,0,0,0,0,0,0,15,0,15,0,2,Human,NF,10407017.3121425|1788439.90598378
"MS-MSS-00232|2006|1",2006,MS,MS-MSS-00232,PINOLO FIRE,3,8,67,2006,3,5,64,1.0521836,0,0,0,3,0,0,0,0,13,0,13,0,2,Human,NF,10407017.3121425|1788439.90598378
"MS-MSS-00233|2006|1",2006,MS,MS-MSS-00233,MARION SCHOOL FIRE,3,8,67,2006,3,5,64,0.4856232,0,0,0,0,0,0,0,0,3,0,3,0,1,Human,NF,10407017.3121425|1788439.90598378
"MS-MSS-00236|2006|1",2006,MS,MS-MSS-00236,OSTEEN RD. FIRE,3,9,68,2006,3,5,64,1.618744,0,0,0,0,0,0,0,0,9,0,18,0,1,Human,NF,10407017.3121425|1788439.90598378
"MS-MSS-00237|2006|1",2006,MS,MS-MSS-00237,CLEMNTS FIRE,3,8,67,2006,3,5,64,0.7082005,0,0,0,0,0,0,0,0,15,0,15,0,2,Human,NF,10407017.3121425|1788439.90598378
"MS-MSS-00243|2006|1",2006,MS,MS-MSS-00243,GRANTHAM FIRE,3,8,67,2006,3,5,64,0.8903092,0,0,0,0,0,0,0,0,7,0,7,0,1,Human,NF,10407017.3121425|1788439.90598378
"MS-MSS-00244|2006|1",2006,MS,MS-MSS-00244,THOMPSON FIRE,3,8,67,2006,3,1,60,0.404686,0,0,0,0,0,0,0,0,9,0,9,0,2,Human,NF,10407017.3121425|1788439.90598378
"MS-MSS-00245|2006|1",2006,MS,MS-MSS-00245,GALENA FIRE,3,8,67,2006,3,1,60,0.404686,0,0,0,14,0,0,0,0,9,0,9,0,1,Human,NF,10407017.3121425|1788439.90598378
"MS-MSS-00246|2006|1",2006,MS,MS-MSS-00246,SPRING FIRE,3,8,67,2006,3,2,61,2.02343,0,0,0,0,0,0,0,0,25,0,25,0,2,Human,NF,10407017.3121425|1788439.90598378
"MS-MSS-00247|2006|1",2006,MS,MS-MSS-00247,WOLF RIVER FIRE,3,8,67,2006,3,2,61,0.607029,0,0,0,0,0,0,0,0,11,0,11,0,2,Human,NF,10407017.3121425|1788439.90598378
"MS-MSS-00248|2006|1",2006,MS,MS-MSS-00248,MORRIS CREEK FIRE,3,8,67,2006,3,5,64,0.00404686,0,0,0,0,0,0,0,0,13,0,13,0,2,Human,NF,10407017.3121425|1788439.90598378
"MS-MSS-00249|2006|1",2006,MS,MS-MSS-00249,MT OLIVE,3,8,67,2006,3,5,64,0.404686,0,0,0,0,0,0,0,0,5,0,5,0,1,Human,NF,10407017.3121425|1788439.90598378
"MS-MSS-00250|2006|1",2006,MS,MS-MSS-00250,HATCHIE RIVER,3,8,67,2006,3,5,64,2.428116,0,0,0,0,0,0,0,0,23,0,23,0,2,Human,NF,10407017.3121425|1788439.90598378
"MS-MSS-00251|2006|1",2006,MS,MS-MSS-00251,WALL DOXEY,3,8,67,2006,3,3,62,0.404686,0,0,0,0,0,0,0,0,19,0,19,0,2,Human,NF,10407017.3121425|1788439.90598378
"MS-MSS-00252|2006|1",2006,MS,MS-MSS-00252,CHICKASAW,3,8,67,2006,3,3,62,0.607029,0,0,0,0,0,0,0,0,9,0,9,0,2,Human,NF,10407017.3121425|1788439.90598378
"MS-MSS-00253|2006|1",2006,MS,MS-MSS-00253,MORGAN fIRE,3,8,67,2006,3,6,65,1.0319493,0,0,0,0,0,0,0,0,5,0,5,0,1,Human,NF,10407017.3121425|1788439.90598378
"MS-MSS-00253A|2006|1",2006,MS,MS-MSS-00253A,COWPEN FIRE,3,16,75,2006,3,6,65,1.214058,0,0,0,0,0,0,0,0,10,0,20,0,2,Human,NF,10407017.3121425|1788439.90598378
"MS-MSS-0077|2006|1",2006,MS,MS-MSS-0077,RICEVILLE,1,5,5,2006,1,5,5,0.809372,0,0,0,0,0,0,0,0,10,0,10,0,3,Human,NF,10407017.3121425|1788439.90598378
"MS-MSS-0079|2006|1",2006,MS,MS-MSS-0079,GRENADA JUNCTION,1,7,7,2006,1,7,7,0.0607029,0,1,0,0,0,0,0,0,6,0,6,0,2,Human,NF,10407017.3121425|1788439.90598378
"NC-CLQ-043002|2004|1",2004,NC,NC-CLQ-043002,BT-11,7,19,201,2004,7,16,198,6.07029,0,0,0,0,0,0,0,0,15,0,15,0,1,Human,L,1759358.33914734|-96241.4020867552
"NC-NCS-13-28-8|2002|1",2002,NC,NC-NCS-13-28-8,MOON TILLETT FIRE,6,6,157,2002,6,6,157,0.0202343,0,0,0,0,0,0,0,0,44,0,44,0,4,Human,H,1811074.43236263|8262.10724518781
"NC-SWR-02001|2002|1",2002,NC,NC-SWR-02001,BELL SLOP FIRE,4,31,116,2002,3,28,87,6.07029,0,0,0,0,0,0,0,0,20,0,41,0,1,Human,H,1763062.29569992|-97371.7297380957
"NC4-016-0010|2002|1",2002,NC,NC4-016-0010,OLD CEDAR ISLAND RD,8,18,230,2002,8,8,220,4.052120918,35000,0,0,20,0,0,0,0,17,1,34,2,1,Unk,H,1767251.10826675|-111354.105725559
"NV-NTE-00042|2006|1",2006,NV,NV-NTE-00042,DOE 1 (MID-VALLEY),7,7,188,2006,7,4,185,34.39831,0,0,0,0,0,0,0,0,0,0,0,0,0,Lightning,M,10407017.3121425|1788439.90598378
"OH-WAF-01|2003|1",2003,OH,OH-WAF-01,ICE STORM,3,9,68,2003,2,16,47,40.4686,0,0,0,0,0,0,0,0,0,0,0,0,0,Unk,,10407017.3121425|1788439.90598378
"OK-OKS-06-50001|2006|1",2006,OK,OK-OKS-06-50001,Fairland FD,3,30,89,2006,3,27,86,1.618744,0,0,0,0,0,0,0,0,0,0,0,0,0,Unk,,10407017.3121425|1788439.90598378
"OK-OKS-06-50003|2006|1",2006,OK,OK-OKS-06-50003,Gage,3,30,89,2006,3,16,75,1.618744,3200,0,0,0,0,0,0,0,0,0,0,0,0,Unk,,10407017.3121425|1788439.90598378
"OK-OKS-06-50004|2006|1",2006,OK,OK-OKS-06-50004,Darrell Nichols old Place,3,30,89,2006,3,28,87,0.0202343,0,0,0,0,0,0,0,0,3,0,3,0,1,Human,NF,10407017.3121425|1788439.90598378
"OK-OKS-06-50005|2006|1",2006,OK,OK-OKS-06-50005,Chouteau Point,3,31,90,2006,3,27,86,0.202343,0,0,0,12,1,0,0,0,28,0,28,0,1,Unk,,10407017.3121425|1788439.90598378
"OK-OKS-06-50006|2006|1",2006,OK,OK-OKS-06-50006,SW Lincoln Co. 6119,3,31,90,2006,3,28,87,0.00809372,0,0,1,2,0,0,0,0,0,0,0,0,0,Human,NF,10407017.3121425|1788439.90598378
"OK-OKS-06-50007|2006|1",2006,OK,OK-OKS-06-50007,Copan 44,3,31,90,2006,3,27,86,3.237488,0,0,0,0,0,0,0,0,6,0,6,0,1,Unk,,10407017.3121425|1788439.90598378
"OK-OKS-06-50010|2006|1",2006,OK,OK-OKS-06-50010,10 Mile Road,4,19,109,2006,4,6,96,1.9424928,0,0,0,30,0,0,0,0,0,0,0,0,0,Human,NF,10407017.3121425|1788439.90598378
"OK-OKS-06-50012|2006|1",2006,OK,OK-OKS-06-50012,OSFD #145,4,19,109,2006,4,6,96,0,0,0,1,1,0,0,0,0,4,0,4,0,1,Human,NF,10407017.3121425|1788439.90598378
"OK-OKS-06-50013|2006|1",2006,OK,OK-OKS-06-50013,Strother Fire 43,4,20,110,2006,4,17,107,1.214058,0,0,0,0,0,0,0,0,15,0,15,0,1,Human,NF,10407017.3121425|1788439.90598378
"OK-OKS-06-60005|2006|1",2006,OK,OK-OKS-06-60005,GUTHRIE FIRE,1,8,8,2006,1,1,1,4.04686,0,0,0,100,0,0,0,0,45,0,47,0,1,Unk,,10407017.3121425|1788439.90598378
"OK-OKS-06-6039|2006|1",2006,OK,OK-OKS-06-6039,Charles Harrier,2,12,43,2006,2,7,38,1.214058,0,0,0,2,1,0,0,0,42,0,105,0,2,Unk,,10407017.3121425|1788439.90598378
"OK-OKS-06-6086|2006|1",2006,OK,OK-OKS-06-6086,Oklahoma Fire Response,3,31,82,2006,1,1,1,1798.69977048,9600000,0,40,185,6,4,2,1,327,6,11763,207,2,Unk,,10407017.3121425|1788439.90598378
"OK-OKS-MISC1|2002|1",2002,OK,OK-OKS-MISC1,ABC MISC-1,8,24,236,2002,1,1,1,0,0,0,1,171,0,0,0,0,0,0,0,0,0,Human,NF,10407017.3121425|1788439.90598378
"OR-711-000131-04|2003|1",2003,OR,OR-711-000131-04,9-05 Complex,9,6,249,2003,9,5,248,2.7316305,4e+05,0,0,0,0,0,0,0,425,0,425,0,4,Lightning,NF,10407017.3121425|1788439.90598378
"OR-UPF-000016|2003|1",2003,OR,OR-UPF-000016,SNOG,8,10,222,2003,6,13,164,0,0,0,0,0,0,0,0,0,0,0,0,0,0,Unk,,10407017.3121425|1788439.90598378
"OR-VAD-000231|2005|1",2005,OR,OR-VAD-000231,Thieft Valley,7,29,210,2005,7,28,209,0.9712464,0,0,0,0,0,0,0,0,0,0,0,0,0,Lightning,NF,10407017.3121425|1788439.90598378
"PA-PAS-031003|2007|1",2007,PA,PA-PAS-031003,Laurel Run/Lupfer,4,24,114,2007,4,22,112,0.00404686,0,0,0,0,1,0,0,0,37,0,37,0,2,Unk,,10407017.3121425|1788439.90598378
"PA-PAS-16-005|2006|1",2006,PA,PA-PAS-16-005,Campground,4,12,102,2006,3,30,89,0.00404686,0,0,0,0,0,0,0,0,0,0,0,0,0,Human,NF,10407017.3121425|1788439.90598378
"PA-PAS-19-024|2006|1",2006,PA,PA-PAS-19-024,Hamilton,4,5,95,2006,3,31,90,0,0,0,0,0,0,0,0,0,40,0,40,0,2,Unk,,10407017.3121425|1788439.90598378
"PR-CBR-000006|2012|1",2012,FL,PR-CBR-000006,Father Day,7,3,185,2012,6,16,168,1.0521836,15000,0,0,0,0,0,0,0,3,0,3,0,2,Human,M,3124504.92482803|-1671322.05252353
"PR-CBR-HLT9|2013|1",2013,,PR-CBR-HLT9,Dozer Line,6,28,179,2013,6,20,171,0.495335664,0,0,0,100,0,0,0,0,12,0,36,0,1,Human,H,3127487.67358519|-1669273.97686873
"PR-CBR-HUK4|2013|1",2013,,PR-CBR-HUK4,Cabo Rojo Saltflats,8,28,240,2013,8,7,219,0.45324832,0,0,0,0,0,0,0,0,12,0,36,0,1,Human,M,3124317.5408503|-1671132.910302
"PR-VQR-0013|2013|1",2013,,PR-VQR-0013,Impact Area,5,27,133,2013,4,24,114,1.214058,0,0,0,0,0,0,0,0,5,0,21,0,1,Human,H,3314305.64915538|-1590348.57957908
"PR-VQR-HC2U|2013|1",2013,,PR-VQR-HC2U,La Roceta,4,14,92,2013,3,2,61,0.63940388,0,0,0,0,0,0,0,0,7,0,21,0,2,Unk,H,3136070.61429497|-1663206.0904887
"PR-VQR-HDH1|2013|1",2013,,PR-VQR-HDH1,Puerto Negro,4,31,97,2013,3,26,85,6.07029,2000,0,0,0,0,0,0,0,2,0,14,0,1,Human,H,3315452.7767735|-1590214.58469006
"SD-PRA-258|2003|1",2003,SD,SD-PRA-258,PAPA,8,14,226,2003,8,13,225,20.1938314,0,0,0,2,0,0,0,0,40,0,80,0,1,Unk,,10407017.3121425|1788439.90598378
"TN-CNF-012|2001|1",2001,TN,TN-CNF-012,North-End Complex,11,20,324,2001,11,10,314,10.5825389,1297313,0,0,0,0,0,0,0,229,0,687,0,4,Human,NF,10407017.3121425|1788439.90598378
"TN-D3S-001|2002|1",2002,TN,TN-D3S-001,Meigs Co. Fire,8,29,241,2002,8,13,225,0.6677319,0,0,0,2,0,0,0,0,0,0,0,0,0,Human,NF,10407017.3121425|1788439.90598378
"TN-D3S-002|2002|1",2002,TN,TN-D3S-002,Rhea County,8,29,241,2002,8,13,225,1.618744,0,0,0,19,0,0,0,0,0,0,0,0,0,Human,NF,10407017.3121425|1788439.90598378
"TX-AHR-2819|2002|1",2002,TX,TX-AHR-2819,S. RES CAMPBELL,12,23,357,2002,12,19,353,2.428116,0,0,0,0,0,0,0,0,6,0,12,0,1,Human,NF,10407017.3121425|1788439.90598378
"TX-PAP-012002|2012|1",2012,TX,TX-PAP-012002,6 Mile,7,19,201,2012,7,14,196,52.60108628,10000,0,0,0,0,0,0,0,26,0,41,0,3,Lightning,H,-134885.007869302|-1127707.3003053
"TX-RGR-D14B|2007|1",2007,TX,TX-RGR-D14B,PATE,11,9,313,2007,11,6,310,0.7082005,20000,0,0,0,0,0,0,0,13,0,32,0,2,Unk,H,-230585.810088039|-1264903.16000994
"TX-TXS-006008|2005|1",2005,TX,TX-TXS-006008,EAST TEXAS INITIAL ATTACK,12,31,365,2005,12,26,360,0,0,0,3,25,0,0,0,0,76,0,76,0,6,Unk,,10407017.3121425|1788439.90598378
"TX-TXS-006008|2006|1",2006,TX,TX-TXS-006008,EAST TEXAS INITIAL ATTACK,1,25,25,2005,12,1,335,50.88521764,5370903,0,7,30,0,0,5,0,407,0,7602,0,8,Unk,,10407017.3121425|1788439.90598378
"TX-TXS-06003|2006|1",2006,TX,TX-TXS-06003,North Central Texas IA,3,31,60,2005,11,1,331,1015.52714212,25369466,0,37,184,1,3,20,3,716,0,26765,0,10,Unk,,10407017.3121425|1788439.90598378
"TX-TXS-06013|2006|1",2006,TX,TX-TXS-06013,West Texas IA,6,31,152,2006,3,1,60,82.29694496,17775000,0,1,145,0,0,2,0,453,0,19276,0,9,Unk,,10407017.3121425|1788439.90598378
"TX-TXS-06016|2006|1",2006,TX,TX-TXS-06016,West Texas Summer Fire,9,31,261,2006,9,31,261,37.84218786,20920719,0,0,60,0,60,3,0,515,1,21994,18,9,Unk,,10407017.3121425|1788439.90598378
"TX-TXS-066043|2006|1",2006,TX,TX-TXS-066043,Gunsight Complex,2,14,45,2006,2,12,43,6.5761475,0,0,2,15,0,0,0,0,0,0,0,0,0,Unk,,10407017.3121425|1788439.90598378
"TX-TXS-88052|2008|1",2008,TX,TX-TXS-88052,Texas Winter Fires 2008,8,31,234,2008,1,28,28,89.58533982,77648139,0,8,270,0,1,52,0,509,0,65956,0,10,Unk,,10407017.3121425|1788439.90598378
"TX-TXS-990045|2009|1",2009,TX,TX-TXS-990045,#1053,3,8,67,2009,3,5,64,2.6102247,0,0,1,0,0,0,0,0,0,0,0,0,0,Unk,NF,5128509.52172652|-2844486.02535226
"VA-VAS-0014|2006|1",2006,VA,VA-VAS-0014,Newsomes,3,14,73,2006,3,13,72,0.4451546,2000,0,0,60,0,0,2,0,32,0,32,0,1,Human,NF,10407017.3121425|1788439.90598378
"VA-VAS-09050056|2009|1",2009,VA,VA-VAS-09050056,Poor Mountain,4,21,111,2009,4,5,95,0.7082005,0,0,0,5,0,0,0,0,0,0,0,0,0,Human,NF,708180.89286021|4100117.56762127
"WA-WFS-0004|2003|1",2003,WA,WA-WFS-0004,HIGHWAY 10 FIRE,7,30,211,2003,7,28,209,0.809372,0,0,0,0,0,0,0,0,65,0,65,0,1,Unk,,10407017.3121425|1788439.90598378
"WV-WVS-S2009400152|2009|1",2009,WV,WV-WVS-S2009400152,BRADSHAW #2,6,23,174,2009,4,26,116,0,0,0,1,0,1,0,0,0,0,0,0,0,0,Unk,NF,-517056.777771025|-3954984.05783305
"WY-BTF-005|2003|1",2003,WY,WY-BTF-005,TWO ECHO,6,28,179,2003,5,30,150,0,0,0,0,0,0,0,0,0,1,0,2,0,1,Unk,,10407017.3121425|1788439.90598378
